Name,Status,Population Census 1990,Population Census 2000,PopulationCensus2010-05-01,Population Census 2015,Population Census 2020
Abra,Province,"184,743","209,491","234,733","241,160","250,985"
Bangued,Municipality,"34,184","38,965","43,936","48,163","50,382"
Boliney,Municipality,"3,773","3,340","4,063","3,573","4,551"
Bucay,Municipality,"13,346","14,881","17,126","17,115","17,953"
Bucloc,Municipality,"1,932","2,109","2,176","2,501","2,395"
Daguioman,Municipality,"1,413","1,748","1,715","2,088","2,019"
Danglas,Municipality,"3,042","4,144","4,734","4,192","4,074"
Dolores,Municipality,"8,577","9,949","11,499","11,315","11,512"
Lacub,Municipality,"2,326","2,782","2,977","3,403","3,612"
Lagangilang,Municipality,"11,248","12,073","13,824","14,255","14,914"
Lagayan,Municipality,"3,771","3,894","4,477","4,499","4,488"
Langiden,Municipality,"2,452","2,998","3,170","3,198","3,576"
La Paz,Municipality,"11,240","12,922","14,882","15,437","16,493"
Licuan-Baay (Licuan),Municipality,"3,697","3,812","4,864","4,689","4,566"
Luba,Municipality,"5,563","6,203","6,391","6,339","6,518"
Malibcong,Municipality,"3,494","3,806","3,807","3,428","4,027"
Manabo,Municipality,"7,797","9,643","10,756","10,761","11,611"
Peñarrubia,Municipality,"4,893","5,515","6,544","6,640","6,951"
Pidigan,Municipality,"8,807","10,183","11,528","12,185","12,475"
Pilar,Municipality,"8,451","9,328","9,908","10,223","10,146"
Sallapadan,Municipality,"4,941","5,497","5,985","6,622","6,389"
San Isidro,Municipality,"3,744","4,293","4,888","4,574","4,745"
San Juan,Municipality,"8,445","8,821","10,546","9,867","10,688"
San Quintin,Municipality,"4,293","5,130","5,233","5,438","5,705"
Tayum,Municipality,"11,045","12,539","13,940","14,467","14,869"
Tineg,Municipality,"3,068","4,995","4,668","5,097","4,977"
Tubo,Municipality,"4,589","5,044","5,719","5,699","5,674"
Villaviciosa,Municipality,"4,612","4,877","5,377","5,392","5,675"
Albay,Province,"903,785","1,090,907","1,233,432","1,314,826","1,374,768"
Bacacay,Municipality,"49,202","58,357","65,724","68,906","72,485"
Camalig,Municipality,"49,975","58,141","63,585","66,904","72,042"
Daraga (Locsin),Municipality,"83,928","101,031","115,804","126,595","133,893"
Guinobatan,Municipality,"58,926","71,071","75,967","82,361","85,786"
Jovellar,Municipality,"14,884","17,357","16,899","17,308","17,795"
Legazpi,City,"121,116","157,010","182,201","196,639","209,533"
Libon,Municipality,"59,910","66,213","71,527","75,172","75,073"
Ligao,City,"72,560","90,603","104,914","111,399","118,096"
Malilipot,Municipality,"24,160","29,541","35,567","37,785","40,857"
Malinao,Municipality,"31,349","36,231","42,770","45,301","47,395"
Manito,Municipality,"16,011","20,420","22,819","24,707","26,162"
Oas,Municipality,"53,061","62,063","64,785","67,960","66,084"
Pio Duran,Municipality,"36,859","44,423","45,028","46,693","49,070"
Polangui,Municipality,"61,556","70,451","82,307","88,221","89,176"
Rapu-Rapu,Municipality,"26,232","29,176","35,875","36,920","36,151"
Santo Domingo (Libog),Municipality,"22,939","27,392","32,414","34,967","37,765"
Tabaco,City,"85,697","107,166","125,083","133,868","140,961"
Tiwi,Municipality,"34,658","44,261","50,163","53,120","56,444"
Apayao,Province,"74,720","97,129","112,636","119,184","124,366"
Calanasan (Bayag),Municipality,"10,699","12,806","11,568","12,604","12,550"
Conner,Municipality,"16,220","20,429","24,811","26,051","27,552"
Flora,Municipality,"10,810","14,860","16,743","17,391","17,944"
Kabugao,Municipality,"11,198","13,985","16,170","15,537","16,215"
Luna,Municipality,"10,550","14,154","18,029","19,063","21,297"
Pudtol,Municipality,"7,621","11,039","13,305","14,925","15,491"
Santa Marcela,Municipality,"7,622","9,856","12,010","13,613","13,317"
Aurora,Province,"139,573","173,797","201,233","214,336","235,750"
Baler,Municipality,"24,689","29,923","36,010","39,562","43,785"
Casiguran,Municipality,"18,388","21,459","23,865","24,313","26,564"
Dilasag,Municipality,"11,195","14,676","15,683","15,835","17,102"
Dinalungan,Municipality,"6,770","9,711","10,988","11,322","12,508"
Dingalan,Municipality,"14,475","20,157","23,554","25,482","27,878"
Dipaculao,Municipality,"18,951","23,064","27,729","29,736","33,131"
Maria Aurora,Municipality,"28,378","33,551","38,128","40,734","44,958"
San Luis,Municipality,"16,740","21,256","25,276","27,352","29,824"
Bataan,Province,"425,803","557,659","687,482","760,650","853,373"
Abucay,Municipality,"26,708","31,801","37,719","39,880","42,984"
Bagac,Municipality,"18,241","22,353","25,568","26,936","31,365"
Balanga,City,"51,512","71,088","87,920","96,061","104,173"
Dinalupihan,Municipality,"58,172","76,145","97,275","106,371","118,209"
Hermosa,Municipality,"34,633","46,254","56,997","65,862","77,443"
Limay,Municipality,"32,629","46,620","57,207","68,071","78,272"
Mariveles,Municipality,"60,761","85,779","112,707","127,536","149,879"
Morong,Municipality,"17,155","21,273","26,171","29,901","35,394"
Orani,Municipality,"43,494","52,501","61,099","66,909","70,342"
Orion,Municipality,"35,263","44,067","51,454","56,002","60,771"
Pilar,Municipality,"25,244","32,368","39,787","41,823","46,239"
Samal,Municipality,"21,991","27,410","33,578","35,298","38,302"
Batanes,Province,"15,026","16,467","16,604","17,246","18,831"
Basco,Municipality,"5,729","6,717","7,907","8,579","9,517"
Itbayat,Municipality,"3,448","3,616","2,988","2,867","3,128"
Ivana,Municipality,"1,190","1,293","1,249","1,327","1,407"
Mahatao,Municipality,"1,724","1,895","1,583","1,555","1,703"
Sabtang,Municipality,"1,737","1,678","1,637","1,621","1,696"
Uyugan,Municipality,"1,198","1,268","1,240","1,297","1,380"
Batangas,Province,"1,476,783","1,905,348","2,377,395","2,694,335","2,908,494"
Agoncillo,Municipality,"20,227","26,584","35,794","38,059","39,101"
Alitagtag,Municipality,"16,016","20,192","23,649","25,300","26,819"
Balayan,Municipality,"53,870","67,170","81,805","90,699","95,913"
Balete,Municipality,"11,678","15,792","20,214","22,661","24,055"
Batangas,City,"184,970","247,588","305,607","329,874","351,437"
Bauan,Municipality,"59,258","72,604","81,351","91,297","90,819"
Calaca,City,"45,377","58,489","70,521","81,859","87,361"
Calatagan,Municipality,"35,543","45,068","51,997","56,449","58,719"
Cuenca,Municipality,"20,176","25,642","31,236","32,783","36,235"
Ibaan,Municipality,"31,220","40,165","48,482","52,970","58,507"
Laurel,Municipality,"22,099","27,604","35,674","39,444","43,210"
Lemery,Municipality,"53,932","66,528","81,825","93,157","93,186"
Lian,Municipality,"31,296","39,129","45,943","52,660","56,280"
Lipa,City,"160,117","218,447","283,468","332,386","372,931"
Lobo,Municipality,"26,881","33,909","37,070","41,504","40,736"
Mabini,Municipality,"30,474","37,474","44,391","46,211","50,858"
Malvar,Municipality,"24,253","32,691","45,952","56,270","64,379"
Mataasnakahoy,Municipality,"15,240","20,706","27,177","29,187","30,621"
Nasugbu,Municipality,"75,515","96,113","122,483","134,113","136,524"
Padre Garcia,Municipality,"25,958","34,504","44,877","48,302","51,853"
Rosario,Municipality,"66,923","86,110","105,561","116,764","128,352"
San Jose,Municipality,"38,680","51,965","68,517","76,971","79,868"
San Juan,Municipality,"67,741","78,169","94,291","108,585","114,068"
San Luis,Municipality,"22,143","26,924","30,701","33,149","36,172"
San Nicolas,Municipality,"13,174","16,278","20,599","22,623","23,908"
San Pascual,Municipality,"34,629","49,041","59,598","65,424","69,009"
Santa Teresita,Municipality,"12,005","14,074","17,415","21,127","21,559"
Santo Tomas,Municipality,"58,209","80,393","124,740","179,844","218,500"
Taal,Municipality,"34,925","43,455","51,503","56,327","61,460"
Talisay,Municipality,"23,153","32,465","39,600","45,301","46,238"
Tanauan,City,"92,754","117,539","152,393","173,366","193,936"
Taysan,Municipality,"22,508","29,836","35,357","38,007","40,146"
Tingloy,Municipality,"15,430","17,028","16,870","17,919","19,215"
Tuy,Municipality,"30,409","35,672","40,734","43,743","46,519"
Benguet (incl. Baguio City),Province,"485,857","582,515","722,620","791,590","827,041"
Atok,Municipality,"13,853","16,657","19,242","19,668","19,218"
Baguio,City,"183,102","252,386","318,676","345,366","366,358"
Bakun,Municipality,"10,817","12,213","13,587","15,357","14,535"
Bokod,Municipality,"11,474","11,705","12,648","13,756","14,435"
Buguias,Municipality,"25,236","33,177","39,271","43,627","44,877"
Itogon,Municipality,"61,773","46,705","55,960","59,820","61,498"
Kabayan,Municipality,"10,306","12,344","13,588","15,260","15,806"
Kapangan,Municipality,"15,537","18,137","20,084","19,361","19,297"
Kibungan,Municipality,"12,753","15,036","16,850","17,292","17,051"
La Trinidad,Municipality,"48,252","67,963","107,188","129,133","137,404"
Mankayan,Municipality,"32,889","34,502","35,586","35,953","37,233"
Sablan,Municipality,"8,440","9,652","10,511","11,457","11,588"
Tuba,Municipality,"39,635","38,366","42,874","47,648","48,312"
Tublay,Municipality,"11,479","13,672","16,555","17,892","19,429"
Bulacan,Province,"1,505,219","2,234,088","2,924,433","3,292,071","3,708,890"
Angat,Municipality,"34,494","46,033","55,332","59,237","65,617"
Balagtas (Bigaa),Municipality,"42,658","56,945","65,440","73,929","77,018"
Baliwag (Baliuag),City,"89,719","119,675","143,565","149,954","168,470"
Bocaue,Municipality,"67,243","86,994","106,407","119,675","141,412"
Bulacan (Bulakan),Municipality,"48,770","62,903","71,751","76,565","81,232"
Bustos,Municipality,"34,965","47,091","62,415","67,039","77,199"
Calumpit,Municipality,"59,042","81,113","101,068","108,757","118,471"
Doña Remedios Trinidad,Municipality,"8,614","13,636","19,878","22,663","28,656"
Guiguinto,Municipality,"44,532","67,571","90,507","99,730","113,415"
Hagonoy,Municipality,"90,212","111,425","125,689","129,807","133,448"
Malolos,City,"125,178","175,291","234,945","252,074","261,189"
Marilao,Municipality,"56,361","101,017","185,624","221,965","254,453"
Meycauayan,City,"123,982","163,037","199,154","209,083","225,673"
Norzagaray,Municipality,"33,485","76,978","103,095","111,348","136,064"
Obando,Municipality,"46,346","52,906","58,009","59,197","59,978"
Pandi,Municipality,"32,648","48,088","66,650","89,075","155,115"
Paombong,Municipality,"32,052","41,077","50,940","53,294","55,696"
Plaridel,Municipality,"52,954","80,481","101,441","107,805","114,432"
Pulilan,Municipality,"48,199","68,188","85,844","97,323","108,836"
San Ildefonso,Municipality,"59,598","79,956","95,000","104,471","115,713"
San Jose del Monte,City,"142,047","315,807","454,553","574,089","651,813"
San Miguel,Municipality,"91,124","123,824","142,854","153,882","172,073"
San Rafael,Municipality,"49,528","69,770","85,921","94,655","103,097"
Santa Maria,Municipality,"91,468","144,282","218,351","256,454","289,820"
Cagayan,Province,"829,867","993,580","1,124,773","1,199,320","1,268,603"
Abulug,Municipality,"24,562","26,683","30,675","32,497","34,579"
Alcala,Municipality,"29,161","33,997","37,773","38,883","41,295"
Allacapan,Municipality,"21,916","26,960","31,662","33,571","35,234"
Amulung,Municipality,"35,116","42,754","45,182","47,860","50,336"
Aparri,Municipality,"51,635","59,046","61,199","65,649","68,839"
Baggao,Municipality,"55,264","66,264","78,188","82,782","87,753"
Ballesteros,Municipality,"24,849","27,534","32,215","34,299","34,488"
Buguey,Municipality,"22,889","26,401","28,455","30,175","32,148"
Calayan,Municipality,"11,222","14,309","16,200","16,702","17,410"
Camalaniugan,Municipality,"17,276","21,186","23,404","24,923","25,236"
Claveria,Municipality,"24,252","29,277","30,482","29,921","31,900"
Enrile,Municipality,"25,608","29,062","32,553","35,834","36,705"
Gattaran,Municipality,"41,565","47,804","54,848","56,661","58,874"
Gonzaga,Municipality,"26,536","32,079","36,303","38,892","41,680"
Iguig,Municipality,"18,598","21,858","25,559","27,862","30,060"
Lal-Lo,Municipality,"31,373","36,529","41,388","44,506","48,733"
Lasam,Municipality,"27,376","34,082","36,994","39,135","41,225"
Pamplona,Municipality,"16,775","20,142","23,236","23,596","24,781"
Peñablanca,Municipality,"30,527","37,872","42,736","48,584","50,300"
Piat,Municipality,"17,771","20,524","22,961","23,597","24,805"
Rizal,Municipality,"12,478","14,929","18,592","17,994","19,077"
Sanchez-Mira,Municipality,"17,873","21,475","23,257","24,541","26,164"
Santa Ana,Municipality,"17,614","21,612","30,458","32,906","35,688"
Santa Praxedes,Municipality,"2,514","2,952","3,646","4,154","4,434"
Santa Teresita,Municipality,"11,557","13,804","17,600","19,038","19,573"
Santo Niño (Faire),Municipality,"18,608","22,752","26,126","27,219","28,537"
Solana,Municipality,"56,366","67,512","76,596","82,502","88,445"
Tuao,Municipality,"43,926","53,536","57,620","61,535","63,970"
Tuguegarao,City,"94,767","120,645","138,865","153,502","166,334"
Camarines Norte,Province,"390,982","470,654","542,915","583,313","629,699"
Basud,Municipality,"27,295","33,885","38,176","41,017","45,133"
Capalonga,Municipality,"23,557","26,577","31,299","32,215","36,223"
Daet,Municipality,"66,477","80,632","95,572","104,799","111,700"
Jose Panganiban,Municipality,"44,408","46,064","55,557","59,639","63,662"
Labo,Municipality,"70,371","81,388","92,041","101,082","109,245"
Mercedes,Municipality,"34,300","41,713","47,674","50,841","55,334"
Paracale,Municipality,"39,192","42,453","53,243","59,149","60,198"
San Lorenzo Ruiz (Imelda),Municipality,"9,286","11,678","12,592","14,063","15,757"
Santa Elena,Municipality,"20,105","37,878","40,828","40,786","43,582"
San Vicente,Municipality,"7,321","8,984","10,114","10,396","12,579"
Talisay,Municipality,"16,896","21,509","23,904","25,841","27,244"
Vinzons,Municipality,"31,774","37,893","41,915","43,485","49,042"
Camarines Sur,Province,"1,305,919","1,551,549","1,822,371","1,952,544","2,068,244"
Baao,Municipality,"39,040","46,693","54,971","58,849","61,493"
Balatan,Municipality,"19,324","22,537","28,699","30,922","30,669"
Bato,Municipality,"35,294","42,739","48,306","52,137","52,155"
Bombon,Municipality,"10,874","12,843","15,437","16,512","17,995"
Buhi,Municipality,"57,496","67,762","73,809","77,143","81,306"
Bula,Municipality,"48,240","57,474","68,011","69,430","73,143"
Cabusao,Municipality,"15,305","16,201","18,049","18,397","19,257"
Calabanga,Municipality,"54,261","67,408","78,119","83,033","88,906"
Camaligan,Municipality,"15,436","19,188","22,254","24,109","25,036"
Canaman,Municipality,"20,298","27,719","32,390","34,210","36,205"
Caramoan,Municipality,"36,107","39,642","44,945","47,605","51,728"
Del Gallego,Municipality,"17,047","20,456","23,064","25,397","26,403"
Gainza,Municipality,"7,095","8,412","10,345","11,262","11,584"
Garchitorena,Municipality,"19,439","23,021","25,204","27,010","29,436"
Goa,Municipality,"39,888","48,490","58,503","63,308","71,368"
Iriga,City,"74,269","88,893","105,919","111,757","114,457"
Lagonoy,Municipality,"38,163","42,636","51,814","55,465","56,714"
Libmanan,Municipality,"77,565","88,476","100,002","108,716","112,994"
Lupi,Municipality,"24,809","26,148","30,118","32,167","33,897"
Magarao,Municipality,"16,623","20,964","24,274","25,694","26,742"
Milaor,Municipality,"18,199","22,635","28,474","31,150","33,963"
Minalabac,Municipality,"35,922","41,734","48,162","52,390","53,981"
Nabua,Municipality,"60,885","70,909","80,111","83,874","86,490"
Naga,City,"115,329","137,810","174,931","196,003","209,170"
Ocampo,Municipality,"30,876","36,316","43,523","45,934","51,073"
Pamplona,Municipality,"24,097","29,177","34,471","36,390","39,333"
Pasacao,Municipality,"31,960","38,423","45,946","49,035","53,461"
Pili,Municipality,"52,481","67,393","82,307","89,545","99,196"
Presentacion (Parubcan),Municipality,"14,788","16,410","20,023","20,996","22,591"
Ragay,Municipality,"41,438","47,743","54,934","58,214","59,770"
Sagñay,Municipality,"22,422","26,619","31,314","34,546","36,841"
San Fernando,Municipality,"20,608","27,433","33,281","35,258","38,626"
San Jose,Municipality,"27,517","32,512","38,523","40,623","43,973"
Sipocot,Municipality,"49,501","56,576","64,042","64,855","68,169"
Siruma,Municipality,"13,103","16,339","17,050","17,764","19,419"
Tigaon,Municipality,"33,650","40,210","48,611","55,272","60,524"
Tinambac,Municipality,"46,570","55,608","62,435","67,572","70,176"
Catanduanes,Province,"187,000","215,356","246,300","260,964","271,879"
Bagamanoc,Municipality,"10,179","9,684","11,370","11,551","11,086"
Baras,Municipality,"9,769","11,653","12,243","12,848","13,484"
Bato,Municipality,"15,331","17,761","19,984","21,279","21,748"
Caramoran,Municipality,"20,999","23,790","28,063","30,056","32,114"
Gigmoto,Municipality,"6,487","7,055","8,003","8,368","8,712"
Pandan,Municipality,"15,784","17,696","19,393","20,516","21,473"
Panganiban (Payo),Municipality,"8,344","8,877","9,738","9,287","9,713"
San Andres (Calolbon),Municipality,"26,727","31,463","35,779","36,779","38,480"
San Miguel,Municipality,"11,587","12,205","14,107","15,006","15,680"
Viga,Municipality,"16,270","18,105","20,669","21,624","22,869"
Virac,Municipality,"45,523","57,067","66,951","73,650","76,520"
Cavite,Province,"1,152,534","2,063,161","3,090,691","3,678,301","4,344,829"
Alfonso,Municipality,"28,944","39,674","48,567","51,839","59,306"
Amadeo,Municipality,"21,022","25,737","33,457","37,649","41,901"
Bacoor,City,"159,685","305,699","520,216","600,609","664,625"
Carmona,Municipality,"28,247","47,856","74,986","97,557","106,256"
Cavite,City,"91,641","99,367","101,120","102,806","100,674"
Dasmariñas,City,"136,556","379,520","575,817","659,019","703,141"
General Emilio Aguinaldo,Municipality,"10,954","14,323","17,507","22,220","23,973"
General Mariano Alvarez,Municipality,"65,977","112,446","138,540","155,143","172,433"
General Trias,City,"52,888","107,691","243,322","314,303","450,583"
Imus,City,"92,125","195,482","301,624","403,785","496,794"
Indang,Municipality,"39,294","51,281","62,030","65,599","68,699"
Kawit,Municipality,"47,755","62,751","78,209","83,466","107,535"
Magallanes,Municipality,"12,556","18,090","21,231","22,727","23,851"
Maragondon,Municipality,"22,814","31,227","35,289","37,720","40,687"
Mendez (Mendez-Nuñez),Municipality,"17,652","22,937","28,570","31,529","34,879"
Naic,Municipality,"51,629","72,683","88,144","111,454","160,987"
Noveleta,Municipality,"20,409","31,959","41,678","45,846","49,452"
Rosario,Municipality,"45,405","73,665","92,253","110,706","110,807"
Silang,Municipality,"93,790","156,137","213,490","248,085","295,644"
Tagaytay,City,"23,739","45,287","62,030","71,181","85,330"
Tanza,Municipality,"61,785","110,517","188,755","226,188","312,116"
Ternate,Municipality,"11,981","17,179","19,297","23,157","24,653"
Trece Martires,City,"15,686","41,653","104,559","155,713","210,503"
Ifugao,Province,"147,281","161,623","191,078","202,802","207,498"
Aguinaldo,Municipality,...,"16,377","18,610","19,408","21,128"
Alfonso Lista (Potia),Municipality,"14,816","21,167","28,410","32,119","34,061"
Asipulo,Municipality,...,"12,294","14,403","15,261","15,963"
Banaue,Municipality,"16,943","20,563","22,365","21,837","20,652"
Hingyon,Municipality,"8,373","9,769","9,795","9,227","9,930"
Hungduan,Municipality,"7,254","9,380","9,933","9,400","8,866"
Kiangan,Municipality,...,"14,099","15,837","17,048","17,691"
Lagawe,Municipality,"12,437","15,269","18,077","19,333","18,876"
Lamut,Municipality,"14,101","18,731","23,088","25,279","26,235"
Mayoyao,Municipality,...,"14,191","16,413","17,331","15,621"
Tinoc,Municipality,"8,256","9,783","14,147","16,559","18,475"
Ilocos Norte,Province,"461,661","514,241","568,017","593,081","609,588"
Adams,Municipality,"1,119","1,480","1,785","1,792","2,189"
Bacarra,Municipality,"26,940","29,668","31,648","32,215","33,496"
Badoc,Municipality,"25,627","27,862","30,708","31,616","32,530"
Bangui,Municipality,"12,321","13,602","14,227","14,672","15,019"
Banna (Espiritu),Municipality,"15,342","16,704","19,051","19,438","19,297"
Batac,City,"43,092","47,682","53,542","55,201","55,484"
Burgos,Municipality,"7,643","8,534","9,687","9,777","10,759"
Carasi,Municipality,632,"1,154","1,473","1,567","1,607"
Currimao,Municipality,"9,467","10,615","11,970","12,184","12,215"
Dingras,Municipality,"30,519","33,310","37,021","38,562","40,127"
Dumalneg,Municipality,"1,428","2,211","2,612","2,947","3,087"
Laoag,City,"83,756","94,466","104,904","111,125","111,651"
Marcos,Municipality,"12,990","15,154","16,984","17,777","18,010"
Nueva Era,Municipality,"5,238","6,095","7,837","9,506","11,968"
Pagudpud,Municipality,"16,558","19,315","21,877","23,770","25,098"
Paoay,Municipality,"20,680","21,745","23,956","24,866","25,001"
Pasuquin,Municipality,"21,410","24,739","27,952","28,980","29,678"
Piddig,Municipality,"17,078","19,059","20,606","21,497","22,475"
Pinili,Municipality,"14,950","15,903","16,732","17,300","17,626"
San Nicolas,Municipality,"27,632","31,688","34,237","36,736","38,895"
Sarrat,Municipality,"21,272","22,886","24,770","25,212","25,186"
Solsona,Municipality,"18,883","21,338","22,990","24,121","24,851"
Vintar,Municipality,"27,084","29,031","31,448","32,220","33,339"
Ilocos Sur,Province,"519,966","594,206","658,587","689,668","706,009"
Alilem,Municipality,"5,314","6,353","6,640","6,695","7,361"
Banayoyo,Municipality,"5,864","6,728","7,694","7,748","7,931"
Bantay,Municipality,"26,024","30,519","34,323","35,731","37,118"
Burgos,Municipality,"9,601","11,175","11,679","12,224","12,793"
Cabugao,Municipality,"27,997","31,459","35,706","37,501","38,884"
Candon,City,"43,473","50,564","57,884","60,623","61,432"
Caoayan,Municipality,"15,637","17,199","18,551","19,861","19,574"
Cervantes,Municipality,"12,476","14,195","16,573","17,211","19,449"
Galimuyod,Municipality,"7,941","8,879","10,011","10,748","10,244"
Gregorio del Pilar (Concepcion),Municipality,"3,417","4,134","4,219","4,875","4,472"
Lidlidda,Municipality,"3,515","4,022","4,398","4,647","4,705"
Magsingal,Municipality,"22,271","25,580","28,302","30,792","31,308"
Nagbukel,Municipality,"3,806","4,671","4,938","5,259","5,465"
Narvacan,Municipality,"35,153","38,435","42,803","44,006","46,234"
Quirino (Angkaki),Municipality,"6,623","7,130","8,535","8,573","9,306"
Salcedo (Baugen),Municipality,"9,397","10,409","10,935","11,288","11,110"
San Emilio,Municipality,...,"6,717","7,427","7,407","7,206"
San Esteban,Municipality,"6,327","7,174","8,072","8,349","8,381"
San Ildefonso,Municipality,"4,528","5,584","7,075","7,787","8,190"
San Juan (Lapog),Municipality,"20,328","23,146","25,199","26,411","26,674"
Santa,Municipality,"12,570","13,918","15,106","15,340","14,992"
Santa Catalina,Municipality,"11,388","12,537","13,597","13,945","14,493"
Santa Cruz,Municipality,"28,764","34,433","37,911","39,868","41,366"
Santa Lucia,Municipality,"20,504","22,363","24,981","25,402","25,966"
Santa Maria,Municipality,"23,821","26,396","28,597","30,321","30,006"
Santiago,Municipality,"14,427","15,876","17,958","18,759","19,471"
Santo Domingo,Municipality,"20,720","24,520","27,596","27,975","29,041"
San Vicente,Municipality,"9,989","10,877","11,720","12,758","13,118"
Sigay,Municipality,"1,964","2,375","2,419","2,737","2,552"
Sinait,Municipality,"21,779","24,070","25,427","25,640","25,998"
Sugpon,Municipality,"2,844","3,513","3,820","4,585","4,930"
Suyo,Municipality,"7,950","9,685","10,622","11,446","10,766"
Tagudin,Municipality,"29,295","34,427","38,122","39,277","41,538"
Vigan,City,"38,574","45,143","49,747","53,879","53,935"
Isabela,Province,"1,080,341","1,287,575","1,489,645","1,593,566","1,697,050"
Alicia,Municipality,"47,674","57,178","64,687","71,504","73,874"
Angadanan,Municipality,"32,548","36,788","40,143","43,061","44,977"
Aurora,Municipality,"24,903","28,836","33,045","35,017","36,621"
Benito Soliven,Municipality,"20,236","22,192","27,337","29,624","29,752"
Burgos,Municipality,"17,485","20,422","22,521","23,784","26,040"
Cabagan,Municipality,"34,999","41,536","45,732","50,174","53,897"
Cabatuan,Municipality,"26,380","31,659","37,299","39,413","39,990"
Cauayan,City,"83,591","103,952","122,335","129,523","143,403"
Cordon,Municipality,"27,544","35,519","40,877","42,926","46,477"
Delfin Albano (Magsaysay),Municipality,"20,410","23,619","25,422","26,614","29,928"
Dinapigue,Municipality,"2,105","3,171","5,484","5,005","5,821"
Divilacan,Municipality,"2,479","3,413","5,034","5,687","5,827"
Echague,Municipality,"51,916","61,101","74,680","79,094","88,410"
Gamu,Municipality,"19,141","25,901","28,657","29,904","30,655"
Ilagan,City,"99,120","119,990","135,174","145,568","158,218"
Jones,Municipality,"34,373","39,001","44,218","45,666","45,628"
Luna,Municipality,"12,335","14,581","18,091","19,326","20,697"
Maconacon,Municipality,"7,259","3,721","3,615","4,253","3,977"
Mallig,Municipality,"22,060","25,918","28,345","30,459","32,208"
Naguilian,Municipality,"24,131","26,285","29,491","31,902","33,788"
Palanan,Municipality,"11,431","15,317","16,094","17,260","17,684"
Quezon,Municipality,"16,280","20,090","24,522","25,860","27,037"
Quirino,Municipality,"17,070","19,986","22,285","24,501","25,023"
Ramon,Municipality,"33,444","41,441","49,812","52,707","56,523"
Reina Mercedes,Municipality,"17,139","20,353","23,497","26,998","27,900"
Roxas,Municipality,"40,230","48,929","57,699","61,773","65,839"
San Agustin,Municipality,"16,577","19,927","21,797","22,880","22,096"
San Guillermo,Municipality,"10,700","13,338","18,423","20,200","20,915"
San Isidro,Municipality,"14,444","18,603","22,758","24,861","27,044"
San Manuel,Municipality,"24,620","27,059","30,407","31,896","34,085"
San Mariano,Municipality,"36,295","41,309","51,438","55,370","60,124"
San Mateo,Municipality,"48,461","55,068","60,792","64,505","66,663"
San Pablo,Municipality,"16,680","19,090","22,040","25,384","26,320"
Santa Maria,Municipality,"16,767","20,115","22,939","25,382","25,758"
Santiago,City,"90,787","110,531","132,804","134,830","148,580"
Santo Tomas,Municipality,"18,063","21,380","21,688","23,005","24,528"
Tumauini,Municipality,"40,664","50,256","58,463","67,650","70,743"
Kalinga,Province,"137,055","174,023","201,613","212,680","229,570"
Balbalan,Municipality,"10,147","11,934","12,082","12,195","12,914"
Lubuagan,Municipality,"9,189","9,875","9,369","8,733","9,323"
Pasil,Municipality,"7,572","9,360","9,626","9,644","10,577"
Pinukpuk,Municipality,"20,102","26,130","29,596","32,026","34,275"
Rizal (Liwan),Municipality,"10,885","13,652","15,942","17,038","19,554"
Tabuk,City,"57,200","78,633","103,912","110,642","121,033"
Tanudan,Municipality,"9,323","10,275","8,529","9,534","8,746"
Tinglayan,Municipality,"12,637","14,164","12,557","12,868","13,148"
Laguna,Province,"1,370,232","1,965,872","2,669,847","3,035,081","3,382,193"
Alaminos,Municipality,"27,412","36,120","43,526","47,859","51,619"
Bay,Municipality,"32,535","43,762","55,698","62,143","67,182"
Biñan,City,"134,553","201,186","283,396","333,028","407,437"
Cabuyao,City,"66,975","106,630","248,436","308,745","355,330"
Calamba,City,"173,453","281,146","389,377","454,486","539,671"
Calauan,Municipality,"32,736","43,284","74,890","80,453","87,693"
Cavinti,Municipality,"15,131","19,494","20,809","21,702","23,980"
Famy,Municipality,"7,928","10,419","15,021","16,587","16,791"
Kalayaan,Municipality,"13,118","19,580","20,944","23,269","24,755"
Liliw,Municipality,"21,911","27,537","33,851","36,582","39,491"
Los Baños,Municipality,"66,211","82,027","101,884","112,008","115,353"
Luisiana,Municipality,"14,241","17,109","20,148","19,720","20,859"
Lumban,Municipality,"19,773","25,936","29,470","30,652","32,330"
Mabitac,Municipality,"11,444","15,097","18,618","20,530","21,275"
Magdalena,Municipality,"13,450","18,976","22,976","25,266","27,816"
Majayjay,Municipality,"15,875","22,159","26,547","27,792","27,893"
Nagcarlan,Municipality,"37,696","48,727","59,726","63,057","64,866"
Paete,Municipality,"20,579","23,011","23,523","25,096","24,945"
Pagsanjan,Municipality,"25,024","32,622","39,313","42,164","44,327"
Pakil,Municipality,"13,438","18,021","20,822","20,659","23,495"
Pangil,Municipality,"15,212","20,698","23,201","24,274","25,026"
Pila,Municipality,"27,467","37,427","46,534","50,289","54,613"
Rizal,Municipality,"9,501","13,006","15,518","17,253","18,332"
San Pablo,City,"161,630","207,927","248,890","266,068","285,348"
San Pedro,City,"156,486","231,403","294,310","325,809","326,001"
Santa Cruz,Municipality,"76,603","92,694","110,943","117,605","123,574"
Santa Maria,Municipality,"20,525","24,574","26,839","30,830","34,511"
Santa Rosa,City,"94,719","185,633","284,670","353,767","414,812"
Siniloan,Municipality,"22,759","29,902","35,363","38,067","39,460"
Victoria,Municipality,"21,847","29,765","34,604","39,321","43,408"
La Union,Province,"548,742","657,945","741,906","786,653","822,352"
Agoo,Municipality,"42,698","51,923","60,596","63,692","66,028"
Aringay,Municipality,"33,258","41,422","44,949","47,458","50,380"
Bacnotan,Municipality,"29,568","35,419","40,307","42,078","44,388"
Bagulin,Municipality,"9,418","11,857","12,590","13,456","14,428"
Balaoan,Municipality,"30,042","33,786","37,910","39,188","40,339"
Bangar,Municipality,"25,966","31,491","34,522","35,947","38,041"
Bauang,Municipality,"51,573","63,373","70,735","75,032","78,449"
Burgos,Municipality,"5,410","6,748","7,850","8,067","9,006"
Caba,Municipality,"16,620","19,565","21,244","22,039","23,119"
Luna,Municipality,"28,308","32,259","35,380","35,802","37,318"
Naguilian,Municipality,"36,328","43,501","48,407","54,221","52,189"
Pugo,Municipality,"10,939","13,442","16,518","19,690","19,337"
Rosario,Municipality,"35,010","43,497","52,679","55,458","60,278"
San Fernando,City,"84,949","102,082","114,963","121,812","125,640"
San Gabriel,Municipality,"12,532","14,909","16,628","18,172","18,943"
San Juan,Municipality,"25,046","30,393","35,098","37,188","40,507"
Santol,Municipality,"9,544","11,202","12,007","12,476","14,166"
Santo Tomas,Municipality,"27,352","31,204","35,999","39,092","40,846"
Sudipen,Municipality,"13,043","15,099","16,531","17,056","17,187"
Tubao,Municipality,"21,138","24,773","26,993","28,729","31,763"
Marinduque,Province,"185,524","217,392","227,828","234,521","239,207"
Boac,Municipality,"41,034","48,504","52,892","54,730","57,283"
Buenavista,Municipality,"15,495","19,271","23,111","23,988","26,043"
Gasan,Municipality,"25,236","30,232","33,402","34,828","36,197"
Mogpog,Municipality,"25,337","31,330","33,384","34,043","34,516"
Santa Cruz,Municipality,"52,926","60,055","55,673","56,408","54,692"
Torrijos,Municipality,"25,496","28,000","29,366","30,524","30,476"
Masbate,Province,"599,355","707,668","834,650","892,393","908,920"
Aroroy,Municipality,"53,060","58,751","76,139","86,168","88,351"
Baleno,Municipality,"17,390","19,897","24,401","26,096","28,855"
Balud,Municipality,"26,121","30,068","35,841","38,124","40,155"
Batuan,Municipality,"10,525","12,038","13,764","15,086","14,610"
Cataingan,Municipality,"39,496","46,593","49,078","50,327","50,623"
Cawayan,Municipality,"38,896","52,256","63,115","67,033","69,265"
Claveria,Municipality,"31,211","38,398","41,572","43,693","42,142"
Dimasalang,Municipality,"17,367","21,550","25,245","26,192","24,909"
Esperanza,Municipality,"14,674","16,209","17,357","18,568","17,534"
Mandaon,Municipality,"25,670","31,572","38,161","41,262","44,122"
Masbate,City,"58,714","71,441","85,227","95,389","104,522"
Milagros,Municipality,"33,305","44,575","52,619","57,473","57,538"
Mobo,Municipality,"24,879","28,233","34,896","38,813","40,823"
Monreal,Municipality,"18,796","19,832","25,366","26,614","25,164"
Palanas,Municipality,"21,763","24,666","25,501","26,222","27,322"
Pio V. Corpuz (Limbuhan),Municipality,"18,847","21,519","23,292","23,236","23,744"
Placer,Municipality,"38,568","44,418","55,438","55,826","56,340"
San Fernando,Municipality,"16,904","19,179","21,309","23,057","21,600"
San Jacinto,Municipality,"23,068","24,780","27,974","30,372","29,686"
San Pascual,Municipality,"33,396","37,868","44,753","46,674","44,449"
Uson,Municipality,"37,265","43,825","53,602","56,168","57,166"
Mountain Province,Province,"116,535","140,631","154,187","154,590","158,200"
Barlig,Municipality,"6,273","6,351","5,838","4,819","4,796"
Bauko,Municipality,"21,126","27,729","30,172","31,065","32,021"
Besao,Municipality,"8,473","10,067","7,818","7,040","6,873"
Bontoc,Municipality,"17,716","22,308","23,980","24,643","24,104"
Natonin,Municipality,"9,813","9,065","10,048","10,272","10,339"
Paracelis,Municipality,"13,027","18,985","26,476","28,121","31,168"
Sabangan,Municipality,"8,083","8,728","8,741","9,315","9,621"
Sadanga,Municipality,"7,302","8,596","9,181","8,799","8,427"
Sagada,Municipality,"10,353","10,575","11,244","11,127","11,510"
Tadian,Municipality,"14,369","18,227","20,689","19,389","19,341"
"N.C.R., 1st District (Capital District, Manila)",District,"1,601,234","1,581,082","1,652,171","1,780,148","1,846,513"
Manila,City,"1,601,234","1,581,082","1,652,171","1,780,148","1,846,513"
"N.C.R., 2nd District (Eastern Manila District)",District,"2,752,679","3,466,213","4,305,772","4,650,613","4,771,371"
Mandaluyong,City,"248,143","278,474","328,699","386,276","425,758"
Marikina,City,"310,227","391,170","424,150","450,741","456,059"
Pasig,City,"397,679","505,058","669,773","755,300","803,159"
Quezon City,City,"1,669,776","2,173,831","2,761,720","2,936,116","2,960,048"
San Juan,City,"126,854","117,680","121,430","122,180","126,347"
"N.C.R., 3rd District (CAMANAVA District)",District,"1,571,148","2,232,295","2,666,864","2,819,388","3,004,627"
Caloocan,City,"763,415","1,177,604","1,489,040","1,583,978","1,661,584"
Malabon,City,"280,027","338,855","353,337","365,525","380,522"
Navotas,City,"187,479","230,403","249,131","249,463","247,543"
Valenzuela,City,"340,227","485,433","575,356","620,422","714,978"
"N.C.R., 4th District (Southern Manila District)",District,"2,023,331","2,652,970","3,231,168","3,627,104","3,861,951"
Las Piñas,City,"297,102","472,780","552,573","588,894","606,293"
Makati,City,"453,170","471,379","529,039","582,602","629,616"
Muntinlupa,City,"278,411","379,310","459,941","504,509","543,445"
Parañaque,City,"308,236","449,811","588,126","665,822","689,992"
Pasay,City,"368,366","354,908","392,869","416,522","440,656"
Pateros,Municipality,"51,409","57,407","64,147","63,840","65,227"
Taguig,City,"266,637","467,375","644,473","804,915","886,722"
Nueva Ecija,Province,"1,312,680","1,659,883","1,955,373","2,151,461","2,310,134"
Aliaga,Municipality,"40,425","50,004","57,805","63,543","70,363"
Bongabon,Municipality,"39,616","49,255","59,343","64,173","66,839"
Cabanatuan,City,"173,065","222,859","272,676","302,231","327,325"
Cabiao,Municipality,"48,850","62,624","72,081","79,007","85,862"
Carranglan,Municipality,"26,064","31,720","37,124","41,131","42,420"
Cuyapo,Municipality,"43,103","51,366","59,396","65,039","68,066"
Gabaldon (Bitulok - Sabani),Municipality,"21,744","28,324","32,246","35,383","38,958"
Gapan,City,"70,489","89,199","101,488","110,303","122,968"
General Mamerto Natividad,Municipality,"21,984","29,195","36,720","41,656","44,311"
General Tinio (Papaya),Municipality,"29,491","36,441","42,634","47,865","55,925"
Guimba,Municipality,"73,363","87,295","104,894","118,655","127,653"
Jaen,Municipality,"47,346","58,274","67,057","73,184","79,189"
Laur,Municipality,"21,464","26,902","32,205","35,656","38,263"
Licab,Municipality,"17,202","21,593","26,187","28,254","29,269"
Llanera,Municipality,"23,285","30,361","36,200","39,701","42,281"
Lupao,Municipality,"27,481","34,190","40,931","43,788","45,917"
Muñoz (Science City of Muñoz),City,"50,356","65,586","75,462","81,483","84,308"
Nampicuan,Municipality,"8,426","11,033","13,303","14,954","14,471"
Palayan,City,"20,393","30,164","37,219","41,041","45,383"
Pantabangan,Municipality,"18,341","23,868","27,353","29,925","31,763"
Peñaranda,Municipality,"20,500","24,749","27,410","29,882","32,269"
Quezon,Municipality,"25,574","31,720","36,660","40,592","41,845"
Rizal,Municipality,"38,970","48,166","57,145","64,087","70,196"
San Antonio,Municipality,"51,815","63,672","73,074","77,836","83,060"
San Isidro,Municipality,"34,349","40,984","47,800","51,612","54,372"
San Jose,City,"82,836","108,254","129,424","139,738","150,917"
San Leonardo,Municipality,"39,740","50,478","58,120","65,299","68,536"
Santa Rosa,Municipality,"40,439","51,804","64,503","69,467","75,649"
Santo Domingo,Municipality,"35,864","45,934","50,983","57,943","61,092"
Talavera,Municipality,"77,256","97,329","112,515","124,829","132,338"
Talugtug,Municipality,"14,036","18,895","21,291","23,817","25,236"
Zaragoza,Municipality,"28,743","37,645","44,124","49,387","53,090"
Nueva Vizcaya,Province,"301,179","366,962","421,355","452,287","497,432"
Alfonso Castañeda,Municipality,"3,751","4,808","7,428","7,940","8,539"
Ambaguio,Municipality,"7,241","9,750","13,452","15,250","15,472"
Aritao,Municipality,"25,942","31,705","37,115","37,225","42,197"
Bagabag,Municipality,"26,028","30,652","35,462","35,501","37,985"
Bambang,Municipality,"33,663","41,393","47,657","53,433","55,789"
Bayombong,Municipality,"39,886","50,563","57,416","61,512","67,714"
Diadi,Municipality,"11,351","14,374","16,484","18,122","19,236"
Dupax del Norte,Municipality,"20,904","23,196","25,697","27,514","33,295"
Dupax del Sur,Municipality,"12,297","16,371","18,146","19,111","21,224"
Kasibu,Municipality,"21,425","28,239","33,379","37,705","41,776"
Kayapa,Municipality,"18,685","19,193","21,453","23,714","26,469"
Quezon,Municipality,"12,206","15,986","19,385","21,056","24,055"
Santa Fe,Municipality,"9,960","12,949","14,427","16,180","18,276"
Solano,Municipality,"44,246","52,391","56,134","59,517","65,287"
Villaverde,Municipality,"13,594","15,392","17,720","18,507","20,118"
Occidental Mindoro,Province,"282,593","380,250","452,971","487,414","525,354"
Abra de Ilog,Municipality,"13,609","22,212","29,225","31,306","35,176"
Calintaan,Municipality,"18,117","23,503","28,148","29,826","30,190"
Looc,Municipality,"7,037","9,132","9,758","10,117","7,802"
Lubang,Municipality,"18,800","22,896","23,068","18,803","17,437"
Magsaysay,Municipality,"21,580","28,740","31,969","36,016","39,767"
Mamburao,Municipality,"21,781","30,378","39,237","42,975","47,705"
Paluan,Municipality,"7,549","12,023","15,223","16,025","18,566"
Rizal,Municipality,"23,379","29,785","34,458","38,263","40,429"
Sablayan,Municipality,"46,546","63,685","76,153","83,169","92,598"
San Jose,Municipality,"87,520","111,009","131,188","143,430","153,267"
Santa Cruz,Municipality,"16,675","26,887","34,544","37,484","42,417"
Oriental Mindoro,Province,"550,049","681,818","785,602","844,059","908,339"
Baco,Municipality,"23,800","30,167","35,060","37,215","39,817"
Bansud,Municipality,"26,225","35,032","38,341","40,992","42,671"
Bongabong,Municipality,"50,213","59,477","66,569","72,073","76,973"
Bulalacao (San Pedro),Municipality,"21,316","27,698","33,754","39,107","44,366"
Calapan,City,"85,898","105,910","124,173","133,893","145,786"
Gloria,Municipality,"30,102","38,667","42,012","45,073","50,496"
Mansalay,Municipality,"27,515","39,041","51,705","54,533","59,114"
Naujan,Municipality,"72,203","83,892","94,497","102,998","109,587"
Pinamalayan,Municipality,"58,777","72,951","81,666","86,172","90,383"
Pola,Municipality,"26,833","31,938","32,984","34,701","35,455"
Puerto Galera,Municipality,"17,200","21,925","32,521","36,606","41,961"
Roxas,Municipality,"33,178","41,265","49,854","53,201","58,849"
San Teodoro,Municipality,"12,223","13,806","15,810","17,904","19,121"
Socorro,Municipality,"29,806","37,176","38,348","39,099","41,585"
Victoria,Municipality,"34,760","42,873","48,308","50,492","52,175"
Palawan (incl. City of Puerto Princesa),Province,"528,287","755,412","994,340","1,104,585","1,246,673"
Aborlan,Municipality,"18,751","25,540","32,209","35,091","38,736"
Agutaya,Municipality,"6,052","10,422","11,906","12,545","12,867"
Araceli,Municipality,"8,708","10,894","14,113","14,909","14,434"
Balabac,Municipality,"20,056","25,257","35,758","40,142","42,527"
Bataraza,Municipality,"29,142","41,458","63,644","75,468","85,439"
Brooke's Point,Municipality,...,"48,928","61,301","66,374","73,994"
Busuanga,Municipality,"11,007","15,499","21,358","22,046","25,617"
Cagayancillo,Municipality,"5,082","6,348","7,116","6,285","6,884"
Coron,Municipality,...,"32,243","42,941","51,803","65,855"
Culion,Municipality,...,"15,090","19,543","20,139","23,213"
Cuyo,Municipality,"15,294","18,257","21,847","22,360","23,489"
Dumaran,Municipality,"12,624","16,616","21,397","23,734","23,528"
El Nido (Bacuit),Municipality,"18,832","27,029","36,191","41,606","50,494"
Kalayaan [Spratly Islands],Municipality,50,223,222,184,193
Linapacan,Municipality,"5,835","9,198","14,180","15,668","16,424"
Magsaysay,Municipality,"10,028","10,885","11,965","12,196","12,603"
Narra,Municipality,"41,326","56,845","65,264","73,212","77,948"
Puerto Princesa,City,"92,147","161,912","222,673","255,116","307,079"
Quezon,Municipality,"32,538","41,669","55,142","60,980","65,283"
Rizal (Marcos),Municipality,"16,819","31,745","42,759","50,096","56,162"
Roxas,Municipality,"36,604","47,242","61,058","65,358","69,624"
San Vicente,Municipality,"17,795","21,654","30,919","31,232","33,507"
Sofronio Española,Municipality,...,"26,801","29,997","32,876","37,416"
Taytay,Municipality,"38,435","53,657","70,837","75,165","83,357"
Pampanga (incl. City of Angeles),Province,"1,532,615","1,882,730","2,340,355","2,609,744","2,900,637"
Angeles,City,"236,685","267,788","326,336","411,634","462,928"
Apalit,Municipality,"62,373","78,295","101,537","107,965","117,160"
Arayat,Municipality,"73,189","101,792","121,348","133,492","144,875"
Bacolor,Municipality,"67,259","16,147","31,508","39,460","48,066"
Candaba,Municipality,"68,145","86,066","102,399","111,586","119,497"
Floridablanca,Municipality,"66,146","85,394","110,846","125,163","135,542"
Guagua,Municipality,"88,290","97,632","111,199","117,430","128,893"
Lubao,Municipality,"99,705","125,699","150,843","160,838","173,502"
Mabalacat,City,"121,115","171,045","215,610","250,799","293,244"
Macabebe,Municipality,"55,505","65,346","70,777","75,850","78,151"
Magalang,Municipality,"43,940","77,530","103,597","113,147","124,188"
Masantol,Municipality,"41,964","48,120","52,407","57,063","57,990"
Mexico,Municipality,"69,441","109,481","146,851","154,624","173,403"
Minalin,Municipality,"34,795","35,150","44,001","47,713","48,380"
Porac,Municipality,"68,215","80,757","111,441","124,381","140,751"
San Fernando,City,"157,851","221,857","285,912","306,659","354,666"
San Luis,Municipality,"31,920","41,554","49,311","54,106","58,551"
San Simon,Municipality,"30,851","41,253","48,353","53,198","59,182"
Santa Ana,Municipality,"32,540","42,990","52,001","55,178","61,537"
Santa Rita,Municipality,"28,296","32,780","38,762","40,979","48,209"
Santo Tomas,Municipality,"33,309","32,695","38,062","40,475","42,846"
Sasmuan (Sexmoan),Municipality,"21,148","23,359","27,254","28,004","29,076"
Pangasinan,Province,"2,020,273","2,434,086","2,779,862","2,956,726","3,163,190"
Agno,Municipality,"21,197","25,077","27,508","28,052","29,947"
Aguilar,Municipality,"27,303","33,213","39,529","41,463","45,100"
Alaminos,City,"59,363","73,448","85,025","89,708","99,397"
Alcala,Municipality,"30,684","35,734","41,077","43,402","48,908"
Anda,Municipality,"26,856","32,833","37,011","39,504","41,548"
Asingan,Municipality,"43,704","51,225","56,353","57,355","57,811"
Balungao,Municipality,"21,473","23,813","26,678","31,106","30,004"
Bani,Municipality,"37,180","42,824","45,758","50,306","52,603"
Basista,Municipality,"22,360","26,616","30,385","32,959","37,679"
Bautista,Municipality,"21,280","27,066","30,193","32,307","35,398"
Bayambang,Municipality,"79,027","96,609","111,521","118,205","129,011"
Binalonan,Municipality,"43,839","48,967","52,832","54,555","56,382"
Binmaley,Municipality,"59,601","72,625","78,702","83,052","86,881"
Bolinao,Municipality,"49,202","61,068","74,545","82,084","83,979"
Bugallon,Municipality,"47,412","57,445","64,253","67,348","74,962"
Burgos,Municipality,"14,774","18,142","18,315","21,637","23,749"
Calasiao,Municipality,"62,966","77,039","91,109","95,154","100,471"
Dagupan,City,"122,247","130,328","163,676","171,271","174,302"
Dasol,Municipality,"19,671","25,381","26,991","29,110","31,355"
Infanta,Municipality,"16,149","20,632","23,455","24,584","26,242"
Labrador,Municipality,"15,229","19,264","21,149","23,201","26,811"
Laoac,Municipality,"22,864","26,723","29,456","31,497","34,128"
Lingayen,Municipality,"77,837","88,891","98,740","103,278","107,728"
Mabini,Municipality,"17,628","21,035","24,011","24,765","26,454"
Malasiqui,Municipality,"92,053","113,190","123,566","130,275","143,094"
Manaoag,Municipality,"45,339","54,743","64,578","69,497","76,045"
Mangaldan,Municipality,"65,947","82,142","98,905","106,331","113,185"
Mangatarem,Municipality,"47,714","60,943","69,969","73,241","79,323"
Mapandan,Municipality,"25,622","30,775","34,439","37,059","38,058"
Natividad,Municipality,"17,010","19,870","22,713","24,299","25,771"
Pozzorrubio,Municipality,"48,460","58,252","66,111","69,555","74,729"
Rosales,Municipality,"45,275","52,086","59,687","63,081","66,711"
San Carlos,City,"124,529","154,264","175,103","188,571","205,424"
San Fabian,Municipality,"51,904","66,274","77,899","83,025","87,428"
San Jacinto,Municipality,"25,722","32,758","37,737","40,848","44,351"
San Manuel,Municipality,"34,017","41,206","46,875","52,939","54,271"
San Nicolas,Municipality,"27,415","31,418","34,108","35,574","39,778"
San Quintin,Municipality,"24,293","28,258","32,626","32,945","33,980"
Santa Barbara,Municipality,"47,746","64,261","76,637","82,012","92,187"
Santa Maria,Municipality,"23,793","27,860","31,091","33,038","34,220"
Santo Tomas,Municipality,"10,253","12,304","14,406","15,022","14,878"
Sison,Municipality,"32,892","40,955","43,979","47,518","52,320"
Sual,Municipality,"19,594","25,832","31,216","34,149","39,091"
Tayug,Municipality,"31,575","36,199","40,018","43,149","45,241"
Umingan,Municipality,"48,003","58,603","67,534","73,252","77,074"
Urbiztondo,Municipality,"33,102","40,089","47,831","50,170","55,557"
Urdaneta,City,"90,694","111,582","125,451","132,940","144,577"
Villasis,Municipality,"47,475","54,224","59,111","62,333","65,047"
Quezon (incl. City of Lucena),Province,"1,372,455","1,679,030","1,987,030","2,122,830","2,229,383"
Agdangan,Municipality,"8,207","9,946","11,567","12,851","12,764"
Alabat,Municipality,"11,785","14,204","16,120","15,630","15,936"
Atimonan,Municipality,"46,651","56,716","61,587","63,432","64,260"
Buenavista,Municipality,"20,060","22,840","29,053","30,047","31,160"
Burdeos,Municipality,...,"17,758","21,662","23,854","24,644"
Calauag,Municipality,"64,856","65,907","69,223","73,139","71,809"
Candelaria,Municipality,"69,969","92,429","110,570","117,434","137,881"
Catanauan,Municipality,"48,019","57,736","65,832","71,073","72,752"
Dolores,Municipality,"18,146","23,649","27,702","28,891","32,514"
General Luna,Municipality,"17,997","21,068","25,373","26,494","24,804"
General Nakar,Municipality,"18,323","23,678","25,973","29,705","34,225"
Guinayangan,Municipality,"32,829","37,164","41,669","45,155","44,045"
Gumaca,Municipality,"48,195","60,191","69,618","73,877","71,942"
Infanta,Municipality,"35,564","50,992","64,818","69,079","76,186"
Jomalig,Municipality,"4,542","5,817","6,884","7,417","7,667"
Lopez,Municipality,"66,010","78,694","91,074","95,167","94,657"
Lucban,Municipality,"30,130","38,834","46,698","51,475","53,091"
Lucena,City,"150,624","196,075","246,392","266,248","278,924"
Macalelon,Municipality,"19,887","22,935","26,419","28,188","27,312"
Mauban,Municipality,"43,740","50,134","61,141","63,819","71,081"
Mulanay,Municipality,"38,606","45,903","50,826","53,123","55,576"
Padre Burgos,Municipality,"15,219","18,962","20,161","22,460","23,488"
Pagbilao,Municipality,"41,635","53,442","65,996","75,023","78,700"
Panukulan,Municipality,...,"13,188","15,015","16,452","16,376"
Patnanungan,Municipality,"9,447","11,034","13,865","14,606","15,052"
Perez,Municipality,"8,609","10,454","12,039","12,173","12,767"
Pitogo,Municipality,"17,086","20,558","21,380","23,019","22,798"
Plaridel,Municipality,"7,473","9,501","10,238","10,935","10,129"
Polillo,Municipality,"23,183","24,105","28,125","30,582","31,908"
Quezon,Municipality,"11,345","14,594","15,142","15,228","15,886"
Real,Municipality,"20,475","30,684","35,189","35,979","38,678"
Sampaloc,Municipality,"11,132","12,858","13,107","13,907","13,629"
San Andres (Calolbon),Municipality,"23,716","27,184","33,586","35,780","37,454"
San Antonio,Municipality,"20,786","26,419","31,681","33,467","35,891"
San Francisco (Aurora),Municipality,"41,142","48,310","57,979","61,473","62,097"
San Narciso,Municipality,"33,025","38,474","45,386","48,461","51,058"
Sariaya,Municipality,"91,081","114,568","138,894","148,980","161,868"
Tagkawayan,Municipality,"40,221","44,290","50,833","51,832","54,003"
Tayabas,City,"54,355","70,985","91,428","99,779","112,658"
Tiaong,Municipality,"60,662","75,498","91,599","99,712","106,265"
Unisan,Municipality,"19,851","21,252","25,186","26,884","25,448"
Quirino,Province,"114,132","148,575","176,786","188,991","203,828"
Aglipay,Municipality,"16,427","21,774","26,187","27,787","30,714"
Cabarroguis,Municipality,"21,793","25,832","29,395","30,582","33,533"
Diffun,Municipality,"31,266","39,489","48,501","52,569","56,102"
Maddela,Municipality,"25,268","32,236","35,634","38,499","40,943"
Nagtipunan,Municipality,"9,460","17,027","22,473","23,484","25,399"
Saguday,Municipality,"9,918","12,217","14,596","16,070","17,137"
Rizal,Province,"977,448","1,707,218","2,484,840","2,884,227","3,330,143"
Angono,Municipality,"46,014","74,668","102,407","113,283","130,494"
Antipolo,City,"207,842","470,866","677,741","776,386","887,399"
Baras,Municipality,"16,880","24,514","32,609","69,300","87,637"
Binangonan,Municipality,"127,561","187,691","249,872","282,474","313,631"
Cainta,Municipality,"126,839","242,511","311,845","322,128","376,933"
Cardona,Municipality,"32,962","39,003","47,414","49,034","50,143"
Jala-Jala,Municipality,"16,318","23,280","30,074","32,254","34,017"
Morong,Municipality,"32,165","42,489","52,194","58,118","71,151"
Pililla,Municipality,"32,771","45,275","59,527","64,812","71,535"
Rodriguez (Montalban),Municipality,"67,074","115,167","280,904","369,222","443,954"
San Mateo,Municipality,"82,310","135,603","205,255","252,527","273,306"
Tanay,Municipality,"58,410","78,223","98,879","117,830","139,420"
Taytay,Municipality,"112,403","198,183","288,956","319,104","386,451"
Teresa,Municipality,"20,645","29,745","47,163","57,755","64,072"
Romblon,Province,"227,621","264,357","283,930","292,781","308,985"
Alcantara,Municipality,"11,061","14,144","15,428","16,351","17,171"
Banton,Municipality,"7,077","6,769","5,963","5,536","5,737"
Cajidiocan,Municipality,"17,250","19,369","21,198","21,861","23,259"
Calatrava,Municipality,"7,463","8,878","9,776","10,275","11,342"
Concepcion,Municipality,"4,910","4,683","4,445","4,037","3,561"
Corcuera,Municipality,"9,438","10,972","9,935","10,283","10,112"
Ferrol,Municipality,"5,621","5,924","6,802","6,964","8,005"
Looc,Municipality,"19,285","19,898","21,841","22,262","21,799"
Magdiwang,Municipality,"10,405","12,032","13,584","14,142","15,385"
Odiongan,Municipality,"32,498","39,069","43,676","45,367","49,284"
Romblon,Municipality,"29,983","36,612","37,995","38,758","40,554"
San Agustin,Municipality,"11,570","21,643","22,116","22,598","24,115"
San Andres (Calolbon),Municipality,"11,570","13,460","15,028","15,589","15,940"
San Fernando,Municipality,"11,628","21,214","22,466","23,271","24,171"
San Jose,Municipality,"7,139","8,226","10,294","10,881","11,759"
Santa Fe,Municipality,"11,628","14,140","15,700","16,098","17,802"
Santa Maria (Imelda),Municipality,"6,459","7,324","7,683","8,508","8,989"
Sorsogon,Province,"522,960","650,535","740,743","792,949","828,655"
Barcelona,Municipality,"16,251","19,041","20,340","20,990","20,987"
Bulan,Municipality,"66,450","82,688","93,943","100,076","105,190"
Bulusan,Municipality,"18,009","20,469","22,089","22,884","23,932"
Casiguran,Municipality,"22,277","28,057","30,995","32,842","35,602"
Castilla,Municipality,"34,702","45,072","52,903","57,827","60,635"
Donsol,Municipality,"33,159","39,995","47,563","49,711","50,281"
Gubat,Municipality,"43,296","52,707","57,327","59,534","60,294"
Irosin,Municipality,"37,887","45,507","51,777","56,662","59,267"
Juban,Municipality,"20,671","26,848","30,335","32,320","35,297"
Magallanes,Municipality,"24,754","31,315","35,443","37,038","37,411"
Matnog,Municipality,"25,957","32,712","37,641","41,101","41,989"
Pilar,Municipality,"46,268","57,898","68,245","74,564","75,793"
Prieto Diaz,Municipality,"15,324","18,925","20,478","22,442","22,644"
Santa Magdalena,Municipality,"12,274","14,623","16,520","16,848","17,096"
Sorsogon,City,"72,871","134,678","155,144","168,110","182,237"
Tarlac,Province,"859,708","1,068,783","1,273,240","1,366,027","1,503,456"
Anao,Municipality,"7,955","10,045","10,873","11,528","12,208"
Bamban,Municipality,"35,639","46,360","62,413","69,466","78,260"
Camiling,Municipality,"62,716","71,598","80,241","83,248","87,319"
Capas,Municipality,"61,205","95,219","125,852","140,202","156,056"
Concepcion,Municipality,"103,146","115,171","139,832","154,188","169,953"
Gerona,Municipality,"59,486","72,618","83,084","87,531","94,485"
La Paz,Municipality,"41,946","52,907","60,982","64,017","68,952"
Mayantoc,Municipality,"21,170","24,693","29,987","32,232","32,597"
Moncada,Municipality,"41,672","49,607","56,183","57,787","62,819"
Paniqui,Municipality,"64,949","78,883","87,730","92,606","103,003"
Pura,Municipality,"18,032","21,081","22,949","23,712","25,781"
Ramos,Municipality,"13,566","16,889","20,249","21,350","22,879"
San Clemente,Municipality,"8,873","11,703","12,510","12,657","13,181"
San Jose,Municipality,"20,483","29,440","33,960","36,253","41,182"
San Manuel,Municipality,"17,261","20,857","24,289","25,504","28,387"
Santa Ignacia,Municipality,"30,470","38,301","43,787","47,538","51,626"
Tarlac,City,"208,722","262,481","318,332","342,493","385,398"
Victoria,Municipality,"42,360","50,930","59,987","63,715","69,370"
Zambales (incl. City of Olongapo),Province,"562,992","627,802","755,621","823,888","909,932"
Botolan,Municipality,"35,604","46,602","54,434","57,707","66,739"
Cabangan,Municipality,"15,337","18,848","23,082","25,163","28,118"
Candelaria,Municipality,"18,539","23,399","25,020","27,174","30,263"
Castillejos,Municipality,"26,753","33,108","48,845","64,841","67,889"
Iba,Municipality,"29,221","34,678","46,761","50,506","55,581"
Masinloc,Municipality,"32,375","39,724","44,342","47,719","54,529"
Olongapo,City,"193,327","194,260","221,178","233,040","260,317"
Palauig,Municipality,"21,577","29,983","33,286","34,947","39,784"
San Antonio,Municipality,"26,944","28,248","34,217","34,661","37,450"
San Felipe,Municipality,"15,624","17,702","22,020","23,183","25,033"
San Marcelino,Municipality,"36,598","25,440","31,879","33,665","37,719"
San Narciso,Municipality,"22,891","23,522","26,966","28,360","30,759"
Santa Cruz,Municipality,"41,273","49,269","53,867","58,151","63,839"
Subic,Municipality,"46,929","63,019","89,724","104,771","111,912"
Luzon,Island Group,"33,357,887","42,822,878","52,362,999","57,470,097","62,196,942"
