Name,Status,Population Census 1990,Population Census 2000,Population Census 2010,Population Census 2015,Population Census 2020
Agusan del Norte ( incl. City of Butuan ),Province,"465,458","552,849","642,196","691,566","760,413"
Buenavista,Municipality,"39,331","50,612","56,139","61,614","68,892"
Butuan,City,"227,829","267,279","309,709","337,063","372,910"
Cabadbaran,City,"46,370","55,006","69,241","73,639","80,354"
Carmen,Municipality,"15,503","17,307","19,781","20,839","23,172"
Jabonga,Municipality,"18,610","20,501","23,833","23,184","24,855"
Kitcharao,Municipality,"13,598","15,950","17,377","18,659","21,278"
Las Nieves,Municipality,"15,409","21,530","26,856","28,414","30,240"
Magallanes,Municipality,"16,211","19,895","21,481","21,007","22,293"
Nasipit,Municipality,"34,084","35,817","40,663","41,957","44,822"
Remedios T. Romualdez,Municipality,"10,490","13,359","15,735","16,058","17,155"
Santiago,Municipality,"12,775","17,925","20,955","24,200","28,657"
Tubay,Municipality,"15,248","17,668","20,426","24,932","25,785"
Agusan del Sur,Province,"420,763","559,294","656,418","700,653","739,367"
Bayugan,City,"78,725","93,623","99,361","103,202","109,499"
Bunawan,Municipality,"21,105","26,704","37,482","45,151","47,512"
Esperanza,Municipality,"36,139","44,151","51,897","54,801","59,353"
La Paz,Municipality,"16,144","20,880","28,562","28,217","30,969"
Loreto,Municipality,"21,133","31,365","39,474","42,501","43,880"
Prosperidad,Municipality,"51,189","70,815","76,628","82,631","88,321"
Rosario,Municipality,"25,436","28,675","38,280","46,683","49,610"
San Francisco,Municipality,"43,878","56,968","70,986","74,542","80,760"
San Luis,Municipality,"18,521","25,901","32,733","32,109","35,196"
Santa Josefa,Municipality,"11,392","22,730","25,156","26,729","26,432"
Sibagat,Municipality,"24,004","28,685","30,985","30,442","33,957"
Talacogon,Municipality,"21,655","30,879","37,224","38,374","39,678"
Trento,Municipality,"31,313","41,696","47,193","51,565","54,492"
Veruela,Municipality,"20,129","36,222","40,457","43,706","39,708"
Basilan,Province,"179,230","259,796","293,322","346,579","426,207"
Akbar,Municipality,...,"10,581","13,369","17,531","23,098"
Al-Barka,Municipality,...,"17,189","19,523","20,905","23,736"
Hadji Mohammad Ajul,Municipality,...,"14,540","15,962","19,307","24,625"
Hadji Muhtamad,Municipality,...,"9,281","12,249","25,085","26,867"
Lamitan,City,"50,605","58,709","68,996","74,782","100,150"
Lantawan,Municipality,"19,340","18,206","20,087","24,594","31,040"
Maluso,Municipality,"18,666","31,054","33,803","40,646","45,730"
Sumisip,Municipality,...,...,"37,031","41,730","47,345"
Tabuan-Lasa,Municipality,...,...,"18,635","24,188","29,327"
Tipo-Tipo,Municipality,...,"15,035","16,978","19,163","25,531"
Tuburan,Municipality,...,"17,429","18,988","20,207","24,742"
Ungkaya Pukan,Municipality,...,"16,060","17,701","18,441","24,016"
Bukidnon,Province,"843,891","1,060,415","1,299,192","1,415,226","1,541,308"
Baungon,Municipality,"19,774","26,695","32,868","34,336","37,111"
Cabanglasan,Municipality,"26,351","32,305","32,427","33,997","36,286"
Damulog,Municipality,"13,595","20,332","25,538","30,302","39,322"
Dangcagan,Municipality,"14,823","18,857","22,448","23,723","26,076"
Don Carlos,Municipality,"45,815","55,495","64,334","66,959","69,273"
Impasug-ong,Municipality,"22,629","31,173","43,587","47,859","53,863"
Kadingilan,Municipality,"23,911","25,858","31,756","33,778","33,735"
Kalilangan,Municipality,"23,923","30,592","39,847","41,601","43,711"
Kibawe,Municipality,"28,608","32,955","35,767","39,612","41,897"
Kitaotao,Municipality,"34,472","37,733","49,488","50,260","53,796"
Lantapan,Municipality,"33,581","42,383","55,934","61,776","65,974"
Libona,Municipality,"29,652","33,273","39,393","43,969","48,965"
Malaybalay,City,"94,790","123,672","153,085","174,625","190,712"
Malitbog,Municipality,"14,934","19,465","22,880","24,453","26,741"
Manolo Fortich,Municipality,"61,329","74,252","91,026","100,210","113,200"
Maramag,Municipality,"55,394","75,233","90,901","102,089","108,293"
Pangantucan,Municipality,"35,777","43,202","48,775","53,126","56,580"
Quezon,Municipality,"70,566","82,567","94,584","104,116","109,624"
San Fernando,Municipality,"29,052","40,165","50,207","56,138","63,045"
Sumilao,Municipality,"13,494","17,958","25,668","27,660","29,531"
Talakag,Municipality,"35,379","48,326","67,123","71,644","77,027"
Valencia,City,"116,110","147,924","181,556","192,993","216,546"
Camiguin,Province,"64,247","74,232","83,807","88,478","92,808"
Catarman,Municipality,"13,892","15,386","16,388","16,798","17,569"
Guinsiliban,Municipality,"4,341","5,092","5,580","6,281","6,685"
Mahinog,Municipality,"11,313","12,592","13,531","14,038","14,634"
Mambajao,Municipality,"25,207","30,806","36,435","38,735","41,094"
Sagay,Municipality,"9,494","10,356","11,873","12,626","12,826"
City of Isabela,City,"59,078","73,032","97,857","112,788","130,379"
Isabela,City,"59,078","73,032","97,857","112,788","130,379"
Cotabato ( North Cotabato ),Province,...,"869,595","1,078,897","1,187,423","1,275,185"
Alamada,Municipality,"33,688","44,303","56,813","64,596","68,659"
Aleosan,Municipality,...,"23,571","31,375","34,345","36,892"
Antipas,Municipality,"17,800","19,810","25,242","25,304","26,817"
Arakan,Municipality,...,"34,588","43,554","48,228","50,558"
Banisilan,Municipality,"26,576","35,539","39,914","43,677","46,995"
Carmen,Municipality,...,"37,472","62,885","71,276","79,140"
Kabacan,Municipality,...,"53,657","69,026","74,711","77,164"
Kidapawan,City,"74,190","101,205","125,447","140,195","160,791"
Libungan,Municipality,"32,055","40,589","45,295","48,768","56,269"
Magpet,Municipality,...,"38,973","45,183","49,201","53,800"
Makilala,Municipality,"55,060","63,039","77,508","83,851","87,927"
Matalam,Municipality,"48,745","60,146","74,034","79,361","81,355"
Midsayap,Municipality,...,"83,764","101,681","111,719","117,365"
M'lang,Municipality,"68,971","78,170","87,749","95,070","98,195"
Pigkawayan ( Pigcawayan ),Municipality,...,"39,864","45,059","48,911","52,744"
Pikit,Municipality,...,"31,918","49,019","64,122","67,024"
President Roxas,Municipality,"32,774","41,231","44,229","47,575","52,512"
Tulunan,Municipality,"31,412","41,756","54,884","56,513","60,978"
Davao del Norte,Province,"590,015","743,811","945,764","1,016,332","1,125,057"
Asuncion ( Saug ),Municipality,...,"46,910","55,844","59,322","61,893"
Braulio E. Dujali,Municipality,...,"18,050","28,339","30,104","35,729"
Carmen,Municipality,"49,507","55,144","69,199","74,679","82,018"
Kapalong,Municipality,...,"57,966","68,261","76,334","81,068"
New Corella,Municipality,"36,138","44,590","50,699","54,844","57,913"
Panabo,City,"110,172","133,950","174,364","184,599","209,230"
Samal ( Island Garden City of Samal ),City,...,"82,609","95,874","104,123","116,771"
San Isidro,Municipality,...,"24,100","25,548","26,651","27,233"
Santo Tomas,Municipality,"67,916","84,367","109,269","118,750","128,667"
Tagum,City,"135,440","179,531","242,801","259,444","296,202"
Talaingod,Municipality,...,"16,594","25,566","27,482","28,333"
Davao del Sur ( incl. City of Davao ),Province,"1,273,219","1,651,405","2,024,206","2,265,579","2,457,430"
Bansalan,Municipality,"46,691","51,781","56,496","60,440","62,737"
Davao,City,"849,947","1,147,116","1,449,296","1,632,991","1,776,949"
Digos,City,"96,806","125,171","149,891","169,393","188,376"
Hagonoy,Municipality,"39,005","43,871","49,107","53,309","56,919"
Kiblawan,Municipality,"31,753","41,275","44,618","48,897","49,381"
Magsaysay,Municipality,"38,531","43,172","49,141","53,876","56,263"
Malalag,Municipality,"27,709","33,334","35,295","38,731","40,158"
Matanao,Municipality,"41,262","46,916","51,382","56,755","60,493"
Padada,Municipality,"21,051","24,112","25,724","26,587","29,878"
Santa Cruz,Municipality,"55,951","67,317","81,093","90,987","101,125"
Sulop,Municipality,"24,513","27,340","32,163","33,613","35,151"
Davao de Oro ( Compostela Valley ),Province,"466,286","580,244","687,195","736,107","767,547"
Compostela,Municipality,"53,546","61,667","81,934","87,474","89,884"
Laak ( San Vicente ),Municipality,"35,895","59,450","70,856","73,874","79,744"
Mabini ( Doña Alicia ),Municipality,...,"32,058","36,807","41,102","43,552"
Maco,Municipality,"55,991","65,181","72,235","81,277","83,237"
Maragusan ( San Mariano ),Municipality,"40,982","45,937","55,503","60,842","64,412"
Mawab,Municipality,"28,072","32,003","35,698","37,065","39,631"
Monkayo,Municipality,"58,239","85,830","94,827","94,908","93,937"
Montevista,Municipality,"29,789","33,225","39,602","43,706","46,558"
Nabunturan,Municipality,"53,410","60,543","73,196","82,234","84,340"
New Bataan,Municipality,"39,629","42,549","47,470","47,726","51,466"
Pantukan,Municipality,...,"61,801","79,067","85,899","90,786"
Davao Occidental,Province,"209,429","254,512","293,780","316,342","317,159"
Don Marcelino,Municipality,"27,100","33,403","41,942","44,554","45,540"
Jose Abad Santos ( Trinidad ),Municipality,"44,504","57,147","69,631","76,332","73,381"
Malita,Municipality,"82,786","100,000","109,568","117,746","118,197"
Santa Maria,Municipality,"40,036","45,571","49,349","53,671","57,526"
Sarangani,Municipality,"15,003","18,391","23,290","24,039","22,515"
Davao Oriental,Province,"394,697","446,191","517,618","558,958","576,343"
Baganga,Municipality,"37,719","43,122","53,426","56,241","58,714"
Banaybanay,Municipality,"29,606","33,714","39,121","41,117","44,451"
Boston,Municipality,"9,917","10,266","12,670","13,535","14,618"
Caraga,Municipality,"29,368","33,481","36,912","40,379","39,704"
Cateel,Municipality,"26,144","28,655","38,579","40,704","44,207"
Governor Generoso,Municipality,"39,857","42,705","50,372","55,109","59,891"
Lupon,Municipality,"47,946","57,092","61,723","65,785","66,979"
Manay,Municipality,"33,686","36,697","40,577","42,690","39,572"
Mati,City,"93,023","105,908","126,143","141,141","147,547"
San Isidro,Municipality,"28,936","31,705","32,424","36,032","33,664"
Tarragona,Municipality,"18,495","22,846","25,671","26,225","26,996"
Dinagat Islands,Province,"98,865","106,951","126,803","127,152","128,117"
Basilisa ( Rizal ),Municipality,"20,953","26,489","33,880","36,880","36,911"
Cagdianao,Municipality,"11,555","12,886","15,047","16,808","18,350"
Dinagat,Municipality,"8,659","9,883","12,786","10,632","10,621"
Libjo ( Albor ),Municipality,"14,170","16,610","17,567","17,760","18,051"
Loreto,Municipality,"7,340","8,751","8,920","9,309","9,690"
San Jose,Municipality,"30,405","25,532","31,035","27,487","26,375"
Tubajon,Municipality,"5,783","6,800","7,568","8,276","8,119"
Interim Province,Province,...,"89,048","147,611","192,324","215,433"
Carmen Cluster,Special Government Unit,...,"8,437","19,584","24,645","28,463"
Kabacan Cluster,Special Government Unit,...,"8,341","12,256","14,450","16,658"
Midsayap Cluster I,Special Government Unit,...,"10,352","15,494","19,592","25,573"
Midsayap Cluster II,Special Government Unit,...,"11,644","16,995","20,373","22,438"
Pigcawayan Cluster,Special Government Unit,...,"11,144","14,916","17,885","19,627"
Pikit Cluster I,Special Government Unit,...,"17,560","28,569","37,348","38,795"
Pikit Cluster II,Special Government Unit,...,"11,483","20,021","29,682","34,341"
Pikit Cluster III,Special Government Unit,...,"10,087","19,776","28,349","29,538"
Lanao del Norte ( incl. City of Iligan ),Province,"614,092","758,123","930,738","1,019,013","1,086,017"
Bacolod,Municipality,"14,637","17,020","21,818","23,034","24,367"
Baloi ( Balo-i ),Municipality,"27,512","38,534","50,387","58,383","68,465"
Baroy,Municipality,"18,897","20,392","20,948","22,600","24,683"
Iligan,City,"226,568","285,061","322,821","342,618","363,115"
Kapatagan,Municipality,"33,397","42,783","53,916","62,853","62,571"
Kauswagan,Municipality,"16,961","15,364","24,006","26,278","24,193"
Kolambugan,Municipality,"22,533","24,180","26,445","27,005","28,265"
Lala,Municipality,"50,100","56,447","65,355","67,727","73,425"
Linamon,Municipality,"13,449","14,959","17,484","20,341","21,269"
Magsaysay,Municipality,"8,841","11,218","16,442","19,019","20,463"
Maigo,Municipality,"14,613","17,826","20,131","21,666","23,337"
Matungao,Municipality,"7,264","9,266","12,217","13,975","14,756"
Munai,Municipality,"12,006","15,972","27,600","32,973","35,020"
Nunungan,Municipality,"9,631","12,205","16,304","18,367","18,827"
Pantao Ragat,Municipality,"12,530","16,474","23,122","27,866","30,247"
Pantar,Municipality,"10,148","12,826","18,440","21,773","26,599"
Poona Piagapo,Municipality,"13,356","16,092","23,451","27,018","29,183"
Salvador,Municipality,"13,576","17,055","27,348","31,845","32,115"
Sapad,Municipality,"13,206","15,167","19,479","21,309","22,974"
Sultan Naga Dimaporo ( Karomatan ),Municipality,"27,492","41,865","52,430","56,764","60,904"
Tagoloan,Municipality,"6,853","8,233","11,674","13,253","15,091"
Tangcal,Municipality,"4,439","6,117","12,588","15,181","16,075"
Tubod,Municipality,"36,083","43,067","46,332","47,165","50,073"
Lanao del Sur,Province,"599,982","800,162","933,260","1,045,429","1,195,518"
Amai Manabilang ( Bumbaran ),Municipality,"4,341","6,589","8,734","10,401","12,124"
Bacolod-Kalawi ( Bacolod Grande ),Municipality,"12,077","17,761","18,555","20,841","23,129"
Balabagan,Municipality,"18,146","24,558","25,139","26,819","29,863"
Balindong ( Watu ),Municipality,"19,635","24,470","26,007","29,180","32,573"
Bayang,Municipality,"18,928","21,020","21,472","23,965","28,023"
Binidayan,Municipality,"15,211","18,081","19,493","22,079","25,965"
Buadiposo-Buntong,Municipality,"10,403","13,535","15,662","16,130","18,046"
Bubong,Municipality,"11,504","19,003","19,455","22,336","26,514"
Butig,Municipality,"14,491","16,283","16,642","19,302","22,768"
Calanogas,Municipality,"7,559","9,989","11,988","13,750","14,985"
Ditsaan-Ramain,Municipality,"13,332","19,157","20,208","22,299","24,406"
Ganassi,Municipality,"15,394","18,947","20,205","23,016","30,802"
Kapai,Municipality,"11,221","16,564","17,370","18,894","20,581"
Kapatagan,Municipality,"5,784","7,804","13,432","15,521","20,498"
Lumba-Bayabao ( Maguing ),Municipality,"19,099","23,521","32,412","36,151","45,909"
Lumbaca-Unayan,Municipality,...,"4,127","6,279","7,260","8,131"
Lumbatan,Municipality,"14,765","13,318","16,719","19,105","22,780"
Lumbayanague,Municipality,"12,950","12,835","14,308","16,372","19,091"
Madalum,Municipality,"14,747","18,405","20,243","23,127","26,478"
Madamba,Municipality,"10,428","15,442","15,542","17,756","22,050"
Maguing,Municipality,"15,362","18,095","21,444","24,531","30,436"
Malabang,Municipality,"25,714","33,177","38,724","43,957","49,088"
Marantao,Municipality,"18,404","24,647","28,550","32,974","37,763"
Marawi,City,"91,901","131,090","187,106","201,785","207,010"
Marogong,Municipality,"12,775","16,165","18,541","21,319","30,118"
Masiu,Municipality,"17,030","24,105","25,181","29,176","33,580"
Mulondo,Municipality,"11,135","12,368","14,065","16,067","19,932"
Pagayawan ( Tatarikan ),Municipality,"8,507","9,757","11,349","13,139","15,057"
Piagapo,Municipality,"16,730","23,903","21,974","25,440","30,132"
Picong ( Sultan Gumander ),Municipality,"9,402","12,230","14,136","16,615","18,907"
Poona Bayabao ( Gata ),Municipality,"13,105","17,390","19,229","22,227","31,141"
Pualas,Municipality,"7,177","7,887","11,163","12,866","14,526"
Saguiaran,Municipality,"15,296","22,636","22,673","24,619","26,712"
Sultan Dumalondong,Municipality,...,"11,105","10,522","11,298","12,500"
Tagoloan II,Municipality,"7,414","8,714","9,843","11,169","12,602"
Tamparan,Municipality,"16,379","19,975","22,367","25,874","32,074"
Taraka,Municipality,"14,765","18,832","20,881","23,644","27,184"
Tubaran,Municipality,"8,491","11,021","12,933","14,749","16,896"
Tugaya,Municipality,"17,103","20,139","22,235","23,814","24,778"
Wao,Municipality,"22,932","35,517","40,479","45,862","50,366"
Maguindanao del Norte ( incl. Cotabato City ),Province,...,"539,558","708,950","836,338","943,500"
Barira,Municipality,"16,858","18,296","19,686","30,004","36,143"
Buldon,Municipality,"22,730","26,903","33,729","35,282","39,684"
Cotabato,City,"127,065","163,849","271,786","299,438","325,079"
Datu Blah T. Sinsuat,Municipality,...,"12,916","16,533","25,024","28,243"
Datu Odin Sinsuat ( Dinaig ),Municipality,"52,370","71,569","76,332","99,210","116,768"
Kabuntalan ( Tumbao ),Municipality,...,"13,464","16,794","17,276","25,439"
Matanog,Municipality,"14,759","19,006","23,269","29,770","36,034"
Northern Kabuntalan,Municipality,...,"9,673","14,251","25,232","26,277"
Parang,Municipality,"55,355","60,935","73,328","89,194","102,914"
Sultan Kudarat ( Nuling ),Municipality,"72,331","78,951","82,758","95,201","105,121"
Sultan Mastura,Municipality,...,"15,910","21,712","22,261","25,331"
Talitay ( Sultan Sumagka ),Municipality,...,"9,861","13,328","14,863","17,463"
Upi,Municipality,...,"38,225","45,444","53,583","59,004"
Maguindanao del Sur,Province,...,"425,393","507,554","637,033","723,758"
Ampatuan,Municipality,...,"16,996","17,800","24,801","28,941"
Buluan,Municipality,...,"29,841","38,106","50,008","57,406"
Datu Abdullah Sangki,Municipality,...,"15,911","17,079","23,878","30,117"
Datu Anggal Midtimbang,Municipality,...,"10,628","13,339","25,016","28,224"
Datu Hoffer Ampatuan ( ← Shariff Aguak ),Municipality,...,...,"16,295","25,012","26,660"
Datu Paglas,Municipality,"13,970","20,014","20,290","28,387","33,682"
Datu Piang,Municipality,...,...,"28,492","25,600","28,380"
Datu Salibo ( ← Datu Piang ),Municipality,...,...,"15,062","14,947","18,795"
Datu Saudi-Ampatuan,Municipality,...,"15,042","20,330","26,427","31,060"
Datu Unsay,Municipality,...,...,"12,490","11,813","12,890"
General Salipada K. Pendatun,Municipality,...,"22,542","24,004","28,103","31,263"
Guindulungan,Municipality,...,"14,894","16,071","19,911","24,933"
Mamasapano,Municipality,...,...,"22,354","24,800","27,807"
Mangudadatu,Municipality,...,"10,993","14,864","25,046","26,203"
Pagagawan ( Datu Montawal ),Municipality,...,"27,010","31,265","34,820","37,314"
Pagalungan,Municipality,...,"25,908","31,891","39,653","46,277"
Paglat,Municipality,...,"5,832","11,207","15,920","18,727"
Pandag,Municipality,...,"10,264","13,795","25,057","26,356"
Rajah Buayan,Municipality,...,"16,191","17,423","23,652","27,832"
Shariff Aguak ( Maganoy ),Municipality,...,...,"34,376","31,692","33,982"
Shariff Saydona Mustapha,Municipality,...,...,"16,442","19,855","25,080"
South Upi,Municipality,"20,293","28,186","35,990","40,178","43,197"
Sultan sa Barongis ( Lambayong ),Municipality,...,"18,518","22,547","22,425","24,476"
Talayan,Municipality,...,"14,772","16,042","30,032","34,156"
Misamis Occidental,Province,"424,365","486,723","567,642","602,126","617,333"
Aloran,Municipality,"20,812","23,127","26,630","27,625","27,934"
Baliangao,Municipality,"13,562","14,552","16,155","17,092","18,433"
Bonifacio,Municipality,"24,439","27,810","30,904","32,345","34,558"
Calamba,Municipality,"15,111","17,594","21,005","21,676","23,227"
Clarin,Municipality,"23,802","29,712","35,573","37,548","39,356"
Concepcion,Municipality,"3,877","6,900","7,410","10,937","9,324"
Don Victoriano Chiongbian ( Don Mariano Marcos ),Municipality,"5,803","9,319","9,774","10,183","9,664"
Jimenez,Municipality,"20,589","23,212","25,234","27,654","28,909"
Lopez Jaena,Municipality,"19,912","20,948","23,767","25,055","25,507"
Oroquieta,City,"52,500","59,843","68,945","70,757","72,301"
Ozamis ( Ozamiz ),City,"91,503","110,420","131,527","141,828","140,334"
Panaon,Municipality,"8,844","7,441","10,176","10,209","10,797"
Plaridel,Municipality,"28,824","29,279","35,251","38,900","39,840"
Sapang Dalaga,Municipality,"17,945","17,794","19,431","19,983","20,490"
Sinacaban,Municipality,"14,846","16,030","18,597","18,391","19,671"
Tangub,City,"42,926","49,695","59,892","63,011","68,389"
Tudela,Municipality,"19,070","23,047","27,371","28,932","28,599"
Misamis Oriental ( incl. City of Cagayan de Oro ),Province,"865,051","1,126,215","1,415,944","1,564,459","1,685,302"
Alubijid,Municipality,"19,531","23,397","26,648","29,724","32,163"
Balingasag,Municipality,"41,506","51,782","65,876","67,059","74,385"
Balingoan,Municipality,"6,689","8,197","10,175","11,051","11,020"
Binuangan,Municipality,"5,090","5,924","6,765","7,515","7,441"
Cagayan de Oro,City,"339,598","461,877","602,088","675,950","728,402"
Claveria,Municipality,"31,130","41,109","44,544","48,906","52,478"
El Salvador,City,"26,721","34,650","44,848","50,204","58,771"
Gingoog,City,"82,582","102,379","117,908","124,648","136,698"
Gitagum,Municipality,"10,994","13,522","16,098","16,373","17,920"
Initao,Municipality,"23,113","27,035","29,331","32,370","33,902"
Jasaan,Municipality,"29,146","39,969","50,121","54,478","57,055"
Kinoguitan,Municipality,"8,795","10,519","12,761","14,391","14,091"
Lagonglong,Municipality,"12,705","16,882","19,303","21,659","24,190"
Laguindingan,Municipality,"15,503","18,451","21,822","24,405","26,363"
Libertad,Municipality,"8,487","10,231","11,586","12,354","12,948"
Lugait,Municipality,"11,973","14,704","18,639","19,758","20,559"
Magsaysay ( Linugos ),Municipality,"22,099","24,550","33,047","34,605","36,803"
Manticao,Municipality,"21,443","24,072","26,786","28,422","29,469"
Medina,Municipality,"21,796","25,810","31,154","32,907","35,612"
Naawan,Municipality,"13,345","16,173","18,895","21,213","22,444"
Opol,Municipality,"20,473","36,389","52,108","61,503","66,327"
Salay,Municipality,"18,101","19,664","27,591","28,705","29,998"
Sugbongcogon,Municipality,"6,175","7,362","8,745","9,226","9,764"
Tagoloan,Municipality,"33,919","46,649","63,850","73,150","80,319"
Talisayan,Municipality,"17,015","19,959","23,289","24,505","25,761"
Villanueva,Municipality,"17,122","24,959","31,966","39,378","40,419"
Sarangani,Province,"283,141","410,622","498,904","544,261","558,946"
Alabel,Municipality,...,"60,779","75,477","80,359","88,294"
Glan,Municipality,"60,382","83,051","106,518","118,263","109,547"
Kiamba,Municipality,"35,418","44,724","54,871","61,058","65,774"
Maasim,Municipality,"26,734","39,424","52,933","59,468","64,940"
Maitum,Municipality,"25,640","35,536","41,675","44,595","44,185"
Malapatan,Municipality,"36,255","53,876","72,386","76,914","80,741"
Malungon,Municipality,"57,641","93,232","95,044","103,604","105,465"
South Cotabato ( incl. City of General Santos ),Province,"789,847","1,102,550","1,365,286","1,509,735","1,672,791"
Banga,Municipality,"59,743","69,131","76,343","83,989","89,164"
General Santos ( Dadiangas ),City,"250,389","411,822","538,086","594,446","697,315"
Koronadal,City,"108,708","133,786","158,273","174,942","195,398"
Lake Sebu,Municipality,"34,350","54,142","76,170","87,442","81,221"
Norala,Municipality,"35,566","40,744","44,635","46,642","46,682"
Polomolok,Municipality,"89,372","110,709","138,273","152,589","172,605"
Santo Niño,Municipality,"30,076","36,228","39,738","40,947","39,796"
Surallah,Municipality,"54,136","66,208","76,035","84,539","89,340"
Tampakan,Municipality,"25,526","33,011","36,254","39,525","41,018"
Tantangan,Municipality,"26,346","32,636","40,461","43,245","45,744"
T'Boli,Municipality,"32,373","60,693","79,175","91,453","101,049"
Tupi,Municipality,"43,232","53,440","61,843","69,976","73,459"
Sultan Kudarat,Province,"435,905","586,505","747,087","812,095","854,052"
Bagumbayan,Municipality,"36,524","53,444","63,700","67,061","68,947"
Columbio,Municipality,"17,567","21,698","27,440","33,258","33,527"
Esperanza,Municipality,"35,585","47,578","63,207","66,095","74,696"
Isulan,Municipality,"56,488","73,129","86,602","90,682","97,490"
Kalamansig,Municipality,"30,779","44,645","46,408","49,059","50,900"
Lambayong ( Mariano Marcos ),Municipality,"39,182","51,192","65,557","77,013","79,739"
Lebak,Municipality,"52,428","70,899","83,280","88,868","91,344"
Lutayan,Municipality,"30,276","40,881","56,179","63,029","65,644"
Palimbang,Municipality,"33,821","43,742","83,265","90,424","92,828"
President Quirino,Municipality,"23,591","32,721","38,753","41,408","42,244"
Senator Ninoy Aquino ( Senator Ninoy Aquino ),Municipality,"20,879","30,222","43,508","46,882","47,374"
Tacurong,City,"58,785","76,354","89,188","98,316","109,319"
Sulu,Province,"469,971","619,668","718,290","824,731","1,000,108"
Hadji Panglima Tahil ( Marunggas ),Municipality,"4,153","5,314","5,850","6,375","7,906"
Indanan,Municipality,"41,969","53,425","65,858","80,883","93,168"
Jolo,Municipality,"53,055","87,998","118,307","125,564","137,266"
Kalingalan Caluang,Municipality,"15,824","22,688","26,848","31,567","39,549"
Lugus,Municipality,"14,907","18,839","19,839","21,897","29,043"
Luuk,Municipality,...,"24,939","29,897","32,162","37,873"
Maimbung,Municipality,"17,251","24,982","28,445","37,914","59,597"
Old Panamao,Municipality,"27,189","35,906","37,933","40,998","49,849"
Omar,Municipality,...,"13,880","18,098","25,116","28,070"
Pandami,Municipality,"17,159","19,964","22,474","25,885","33,177"
Panglima Estino ( New Panamao ),Municipality,"15,683","21,443","27,724","28,817","34,249"
Pangutaran,Municipality,"17,122","26,211","28,461","30,613","36,374"
Parang,Municipality,"43,273","54,994","58,028","62,172","71,495"
Pata,Municipality,"9,244","11,791","14,918","22,163","24,736"
Patikul,Municipality,"30,455","34,396","42,036","62,287","79,564"
Siasi,Municipality,"46,468","59,069","64,229","67,705","81,689"
Talipao,Municipality,"66,261","73,015","75,173","80,255","100,088"
Tapul,Municipality,"10,111","14,881","16,370","18,197","20,799"
Tongkil ( Banguingui ),Municipality,"10,469","15,933","17,802","24,161","35,616"
Surigao del Norte,Province,"327,113","374,465","442,588","485,088","534,636"
Alegria,Municipality,"9,715","12,923","14,539","16,011","16,184"
Bacuag,Municipality,"11,055","12,206","13,211","14,486","14,881"
Burgos,Municipality,"2,617","3,043","4,058","4,034","4,185"
Claver,Municipality,"13,452","16,403","23,702","32,773","36,033"
Dapa,Municipality,"17,396","19,508","23,492","23,787","29,006"
Del Carmen,Municipality,"11,786","13,558","17,136","18,392","20,127"
General Luna,Municipality,"11,535","12,347","15,014","16,771","22,853"
Gigaquit,Municipality,"13,715","16,155","18,784","20,864","21,849"
Mainit,Municipality,"21,505","23,417","25,596","26,741","28,019"
Malimono,Municipality,"16,208","14,597","18,316","18,054","18,852"
Pilar,Municipality,"7,873","8,401","9,456","9,752","10,374"
Placer,Municipality,"18,478","21,542","24,600","27,094","29,616"
San Benito,Municipality,"4,315","4,750","5,505","5,404","5,663"
San Francisco ( Anao-Aon ),Municipality,"9,445","11,521","13,335","14,552","15,347"
San Isidro,Municipality,"5,245","6,058","6,973","7,325","8,519"
Santa Monica ( Sapao ),Municipality,"7,167","7,757","8,715","8,808","9,423"
Sison,Municipality,"8,269","10,046","11,377","13,155","14,290"
Socorro,Municipality,"14,179","17,932","20,304","22,314","25,942"
Surigao,City,"100,379","118,534","140,540","154,137","171,107"
Tagana-an,Municipality,"11,585","12,844","15,366","16,428","17,323"
Tubod,Municipality,"11,194","10,923","12,569","14,206","15,043"
Surigao del Sur,Province,"452,098","501,808","561,219","592,250","642,255"
Barobo,Municipality,"32,991","34,558","43,663","49,730","53,146"
Bayabas,Municipality,"6,259","7,706","7,779","8,164","8,979"
Bislig,City,"103,510","97,860","96,578","94,535","99,290"
Cagwait,Municipality,"16,868","18,577","18,899","20,384","21,747"
Cantilan,Municipality,"24,868","26,553","30,231","31,492","34,060"
Carmen,Municipality,"12,693","9,551","10,287","10,347","11,720"
Carrascal,Municipality,"12,693","13,157","16,529","22,479","24,586"
Cortes,Municipality,"13,234","14,825","15,541","15,912","17,924"
Hinatuan,Municipality,"33,307","36,170","38,731","39,842","43,841"
Lanuza,Municipality,"9,051","10,057","11,857","12,001","13,642"
Lianga,Municipality,"24,908","25,014","28,905","29,493","33,869"
Lingig,Municipality,"21,015","26,487","31,544","31,485","35,142"
Madrid,Municipality,"12,977","14,066","14,888","15,223","16,653"
Marihatag,Municipality,"10,663","16,394","17,926","18,518","19,441"
San Agustin,Municipality,"11,982","14,845","20,655","22,779","22,855"
San Miguel,Municipality,"21,671","27,883","36,287","39,340","41,809"
Tagbina,Municipality,"28,976","34,057","34,812","38,833","41,051"
Tago,Municipality,"23,987","29,721","33,993","35,329","39,831"
Tandag,City,"34,351","44,327","52,114","56,364","62,669"
Tawi-Tawi,Province,"228,204","322,317","366,550","390,715","440,276"
Bongao,Municipality,"37,932","58,174","79,362","100,527","116,118"
Languyan,Municipality,"31,984","42,040","42,690","33,494","37,096"
Mapun ( Cagayan de Tawi-Tawi ),Municipality,"19,372","22,011","24,168","26,597","30,038"
Panglima Sugala ( Balimbing ),Municipality,"20,767","33,315","38,704","44,184","48,055"
Sapa-Sapa,Municipality,"16,173","26,242","28,781","30,917","33,580"
Sibutu,Municipality,...,"24,515","28,532","30,387","34,243"
Simunul,Municipality,"26,491","31,962","34,538","31,223","34,245"
Sitangkai,Municipality,...,"28,257","30,514","33,334","37,319"
South Ubian,Municipality,"19,191","27,301","27,741","25,935","29,583"
Tandubas,Municipality,"19,505","24,900","27,748","29,390","34,316"
Turtle Islands,Municipality,"2,296","3,600","3,772","4,727","5,683"
Zamboanga del Norte,Province,"676,862","823,130","957,997","1,011,393","1,047,455"
Bacungan ( Leon T. Postigo ),Municipality,"14,618","19,550","24,643","26,221","27,639"
Baliguian,Municipality,"8,957","15,631","21,190","22,588","23,771"
Dapitan,City,"59,046","68,178","77,441","82,418","85,202"
Dipolog,City,"79,887","99,862","120,460","130,759","138,141"
Godod,Municipality,"11,550","15,139","17,788","17,424","17,510"
Gutalac,Municipality,"17,462","28,215","32,153","34,654","36,090"
Jose Dalman ( Ponot ),Municipality,"17,914","23,322","27,033","27,388","28,881"
Kalawit,Municipality,"12,079","21,372","22,157","23,633","23,812"
Katipunan,Municipality,"32,871","37,448","43,339","45,577","44,661"
Labason,Municipality,"24,994","33,528","40,375","41,357","43,934"
La Libertad,Municipality,"7,543","7,419","7,771","8,406","8,119"
Liloy,Municipality,"29,275","33,702","39,015","39,812","42,213"
Manukan,Municipality,"28,554","31,855","35,589","36,526","36,887"
Mutia,Municipality,"8,625","9,806","11,975","12,675","11,726"
Piñan ( New Piñan ),Municipality,"14,930","17,950","20,088","20,161","20,221"
Polanco,Municipality,"27,916","34,557","37,472","39,347","42,265"
President Manuel A. Roxas,Municipality,"27,470","33,659","37,611","39,323","39,198"
Rizal,Municipality,"13,115","13,501","14,111","14,021","15,052"
Salug,Municipality,"25,702","28,914","31,157","32,204","32,134"
Sergio Osmeña Sr.,Municipality,"22,454","27,500","29,453","30,220","31,942"
Siayan,Municipality,"24,314","33,074","34,989","34,966","36,236"
Sibuco,Municipality,"20,839","24,411","31,982","34,620","36,049"
Sibutad,Municipality,"16,279","15,635","16,783","17,645","17,453"
Sindangan,Municipality,"66,148","80,133","94,146","99,435","103,952"
Siocon,Municipality,"26,656","32,699","41,637","46,907","48,524"
Sirawai,Municipality,"19,911","16,534","24,583","28,799","31,163"
Tampilisan,Municipality,"14,665","19,536","23,056","24,307","24,680"
Zamboanga del Sur ( incl. City of Zamboanga ),Province,"1,138,086","1,438,011","1,766,814","1,872,473","2,027,902"
Aurora,Municipality,"38,097","42,820","48,434","50,755","52,995"
Bayog,Municipality,"22,092","26,248","30,048","33,591","34,519"
Dimataling,Municipality,"20,365","25,843","27,715","30,081","31,340"
Dinas,Municipality,"28,141","31,570","34,768","35,504","36,291"
Dumalinao,Municipality,...,"26,030","30,691","32,013","32,928"
Dumingag,Municipality,"33,514","42,203","46,500","47,485","48,881"
Guipos,Municipality,...,"18,172","19,771","20,729","21,738"
Josefina,Municipality,"7,591","8,758","10,826","11,799","12,205"
Kumalarang,Municipality,"20,928","24,926","28,210","28,469","29,479"
Labangan,Municipality,"29,229","34,530","39,168","41,790","44,262"
Lakewood,Municipality,"13,376","16,317","19,645","20,374","21,559"
Lapuyan,Municipality,"20,861","24,366","26,175","27,264","27,737"
Mahayag,Municipality,"37,690","42,462","45,015","46,516","48,258"
Margosatubig,Municipality,"28,747","34,461","35,596","37,873","38,660"
Midsalip,Municipality,"22,891","28,909","31,467","32,075","33,711"
Molave,Municipality,"36,556","45,082","48,939","52,006","53,140"
Pagadian,City,"106,307","142,585","186,852","199,060","210,452"
Pitogo,Municipality,"18,389","21,064","25,502","27,057","27,516"
Ramon Magsaysay ( Liargo ),Municipality,"21,065","23,323","26,194","26,606","27,280"
San Miguel,Municipality,...,"15,269","18,258","19,205","19,838"
San Pablo,Municipality,"21,230","23,450","26,500","26,106","26,648"
Sominot ( Don Mariano Marcos ),Municipality,"12,653","14,815","16,652","18,537","19,061"
Tabina,Municipality,"19,422","21,882","24,110","25,061","25,734"
Tambulig,Municipality,"27,796","31,399","34,883","36,160","37,480"
Tigbao,Municipality,...,"16,914","19,300","20,979","21,675"
Tukuran,Municipality,"26,854","33,747","37,883","39,820","42,429"
Vincenzo A. Sagun,Municipality,"17,294","19,072","20,583","23,759","24,852"
Zamboanga,City,"442,345","601,794","807,129","861,799","977,234"
Zamboanga Sibugay,Province,"407,038","497,239","584,685","633,129","669,840"
Alicia,Municipality,"24,803","29,954","34,895","36,013","39,456"
Buug,Municipality,"32,815","33,623","35,969","36,634","38,425"
Diplahan,Municipality,"20,365","23,909","31,215","32,428","32,585"
Imelda,Municipality,"16,231","21,534","27,903","28,018","26,020"
Ipil,Municipality,"43,031","52,481","64,939","74,656","89,401"
Kabasalan,Municipality,"32,323","37,619","41,421","44,336","46,884"
Mabuhay,Municipality,"13,292","25,199","33,093","36,870","37,390"
Malangas,Municipality,"28,957","29,770","31,243","33,380","32,022"
Naga,Municipality,"31,582","35,176","37,814","38,547","41,743"
Olutanga,Municipality,"16,378","22,624","28,717","33,671","38,438"
Payao,Municipality,"23,937","27,036","29,755","31,686","34,952"
Roseller Lim,Municipality,"29,325","34,152","37,216","43,646","43,575"
Siay,Municipality,"24,689","32,844","38,229","41,572","40,585"
Talusan,Municipality,"9,488","18,394","25,268","29,969","27,873"
Titay,Municipality,"31,994","39,730","46,456","49,673","53,994"
Tungawan,Municipality,"26,005","33,194","40,552","42,030","46,497"
